{"type":"FeatureCollection","features":[{"type":"Feature","properties":{"clave":"01","tipo":"local","nombre":"Distrito local 1","entidad":"12"},"geometry":{"type":"Polygon","coordinates":[[[-99.55825203950617,17.608278779306268],[-99.49554722145653,17.596678181032022],[-99.51263957486529,17.57818880291143],[-99.5029863300263,17.579487083165986],[-99.50598958451273,17.571181499963124],[-99.50079175811062,17.570833284472535],[-99.50109684553345,17.559572445141676],[-99.49549885517092,17.555795236389514],[-99.49654274419619,17.53524128982439],[-99.50147625715643,17.537606961601522],[-99.51412127088182,17.523240666386315],[-99.52104930471823,17.52770785166528],[-99.53269413373341,17.5169307446039],[-99.53935911187114,17.520312094335306],[-99.55510454023522,17.49496806031237],[-99.56820278247861,17.49079126827901],[-99.56494540281922,17.465100128320106],[-99.62602146093134,17.439250714393136],[-99.64385343648735,17.418127063253586],[-99.64651159985726,17.390633004311855],[-99.6569771283003,17.378206519173567],[-99.72559566622277,17.349259922402073],[-99.73111230165642,17.338738467091027],[-99.72214990403344,17.334274330728096],[-99.72456395305203,17.324500847507252],[-99.7136496363838,17.317056761576932],[-99.72146402981996,17.30520880928828],[-99.7331826390653,17.305116151690473],[-99.738811929051,17.31223276492464],[-99.75099031067765,17.306673245749913],[-99.76339865949868,17.31055297616403],[-99.80268467344862,17.28988977648164],[-99.8163491250259,17.27447044585428],[-99.81254006925651,17.222140391825008],[-99.83355632098785,17.225508219670242],[-99.84343750102035,17.235762798368423],[-99.85239378632524,17.23326579500194],[-99.85653479587647,17.24477001592361],[-99.86985183723336,17.23680048203006],[-99.8777872863035,17.25293553763098],[-99.89490639302069,17.260691617340434],[-99.89939582780471,17.272856652292784],[-99.94510849151048,17.270207183779384],[-99.94043161331436,17.301019764908222],[-99.94779200010151,17.30837529490218],[-99.94377819308262,17.315007466887348],[-99.95021322727106,17.316154263425666],[-99.9512600394672,17.327579308745715],[-99.96470680194699,17.330864647641246],[-99.96310719621016,17.338403115837757],[-99.97241201079908,17.33656235892629],[-99.97345933940505,17.347159149871025],[-99.98058839229152,17.35087038951165],[-99.9935723531382,17.3502628712963],[-100.00378575697941,17.340717915253325],[-100.01872649697167,17.34300255101475],[-100.03683281185627,17.384609824473966],[-100.05478378289138,17.397565765555523],[-100.07375387670349,17.400663906949255],[-100.08724685000082,17.42464078506079],[-99.96237384193685,17.492171696554493],[-99.91766713220501,17.520495043290822],[-99.91261654350104,17.531020415463928],[-99.87190340200894,17.538791183704152],[-99.84796308395156,17.51630535894989],[-99.82896250087678,17.471203468786246],[-99.80952994010357,17.47296836210602],[-99.79538816938097,17.47977621985009],[-99.77745467997163,17.506295479310683],[-99.73800533970513,17.5257131955675],[-99.72972243766931,17.56165919108706],[-99.71338486224542,17.567055760471398],[-99.66782836660694,17.55458391740538],[-99.64884328920748,17.559893941446457],[-99.63032709846986,17.54797776028999],[-99.6043069667348,17.576721191394043],[-99.57497187883857,17.570350677290353],[-99.56093090220381,17.574492385637733],[-99.55251477064323,17.591303004603517],[-99.55825203950617,17.608278779306268]]]}},{"type":"Feature","properties":{"clave":"02","tipo":"local","nombre":"Distrito local 2","entidad":"12"},"geometry":{"type":"Polygon","coordinates":[[[-99.49554722145818,17.596678181641774],[-99.4404510891535,17.588414252617447],[-99.43887743120123,17.543226126400427],[-99.40601215167577,17.484442134256877],[-99.44090261728755,17.449578908655834],[-99.42845677724969,17.43445853520647],[-99.43213842053864,17.418858650895928],[-99.4452739620525,17.39883769580708],[-99.45646773941449,17.399989739617304],[-99.4611470487001,17.392032874291825],[-99.46042972400357,17.35642979931363],[-99.44233441519465,17.340892116972068],[-99.47059321522951,17.334035053883696],[-99.46163138526127,17.29521401848787],[-99.48157751433423,17.257716493298528],[-99.46081203676886,17.20736535878619],[-99.47104612465348,17.198012279494442],[-99.51204460195977,17.193803168032115],[-99.62834578695721,17.21566092851157],[-99.64248936326702,17.182696745215377],[-99.64593019649273,17.189154661353395],[-99.6544276762042,17.187329113964612],[-99.65557125395684,17.196437847025763],[-99.66544595118945,17.196515845669417],[-99.66980490022479,17.206616525847963],[-99.66498071795984,17.209683063491838],[-99.67439404186428,17.216634145716093],[-99.66359825201009,17.219538290216548],[-99.67117400487005,17.227898211748762],[-99.68128068695631,17.226153413186818],[-99.68059456583511,17.218121173175334],[-99.69035603355105,17.21662457466497],[-99.69736349957773,17.20726237302482],[-99.70069140680117,17.21545835517664],[-99.70643338878864,17.21404653171237],[-99.71240136654583,17.231183885766445],[-99.72101554006882,17.224469608444615],[-99.72583777637216,17.232663919173604],[-99.73330330181807,17.223631389576482],[-99.73491021720457,17.235223392754598],[-99.74294942299287,17.232069516039015],[-99.74869162612254,17.244485680859928],[-99.75477643978984,17.17558223769532],[-99.8181503957165,17.17741664410011],[-99.82378310562942,17.195461726906046],[-99.8383686029731,17.203060643316547],[-99.83022220155713,17.216735025591575],[-99.83355632098785,17.225508219670242],[-99.81254006925651,17.222140391825008],[-99.81566079509565,17.27678995041842],[-99.76339865949868,17.31055297616403],[-99.75099031067765,17.306673245749913],[-99.738811929051,17.31223276492464],[-99.7331826390653,17.305116151690473],[-99.72146402981996,17.30520880928828],[-99.7136496363838,17.317056761576932],[-99.72456395305203,17.324500847507252],[-99.72214990403344,17.334274330728096],[-99.73111230165642,17.338738467091027],[-99.72559566622277,17.349259922402073],[-99.6569771283003,17.378206519173567],[-99.64651159985726,17.390633004311855],[-99.64385343648735,17.418127063253586],[-99.62602146093134,17.439250714393136],[-99.56494540281922,17.465100128320106],[-99.56820278247667,17.490791267657574],[-99.55510454023336,17.494968059691402],[-99.53935911187114,17.520312094336692],[-99.53269413373162,17.51693074398531],[-99.52104930471823,17.52770785166528],[-99.51412127088182,17.523240666386315],[-99.50147625715643,17.537606961601522],[-99.49654274419619,17.53524128982439],[-99.49549885517092,17.555795236389514],[-99.50109684553345,17.559572445141676],[-99.50079175811062,17.570833284472535],[-99.50598958451442,17.57118150057579],[-99.502986330028,17.57948708377776],[-99.51263957486701,17.57818880352328],[-99.49554722145818,17.596678181641774]]]}},{"type":"Feature","properties":{"clave":"03","tipo":"local","nombre":"Distrito local 3","entidad":"12"},"geometry":{"type":"MultiPolygon","coordinates":[[[[-99.85414686768301,16.884081664207894],[-99.82822688971798,16.860845463289316],[-99.83424048058433,16.83521258587784],[-99.82979479818721,16.82538531376502],[-99.83730640011795,16.80636364400268],[-99.84653333605512,16.81102830003272],[-99.85211767300244,16.80565529515519],[-99.86837544727146,16.808146781568855],[-99.87647794735229,16.813981669548813],[-99.86321554230821,16.834663554710502],[-99.85171866626125,16.83641413468128],[-99.86101079602385,16.854589046340898],[-99.88325423143712,16.85966245774302],[-99.90708656681224,16.849353621469522],[-99.90145548840412,16.866448847797894],[-99.88904830430235,16.875792508479226],[-99.85414686768301,16.884081664207894]]],[[[-99.91835897245498,16.82279771042564],[-99.90138357821502,16.82251480386081],[-99.90184747872416,16.820612333047826],[-99.91835897245498,16.82279771042564]]]]}},{"type":"Feature","properties":{"clave":"04","tipo":"local","nombre":"Distrito local 4","entidad":"12"},"geometry":{"type":"Polygon","coordinates":[[[-99.91682650651866,16.8939159186481],[-99.9171268833236,16.886687166755877],[-99.90524022484018,16.890583444580695],[-99.89739657920607,16.87435219694495],[-99.91113186216005,16.84169608789986],[-99.89196869432124,16.837550599174957],[-99.90996057544191,16.827648248827607],[-99.91972232175019,16.83477440316671],[-99.91484873746587,16.84616043930817],[-99.92509118335981,16.84956937172307],[-99.92352190645089,16.860419067217755],[-99.93265849854055,16.860076239278282],[-99.9515222402166,16.88027240883289],[-99.9460724488494,16.887109642703855],[-99.91682650651866,16.8939159186481]]]}},{"type":"Feature","properties":{"clave":"05","tipo":"local","nombre":"Distrito local 5","entidad":"12"},"geometry":{"type":"Polygon","coordinates":[[[-99.85329198059901,17.06765783786271],[-99.84234741894517,17.08207896510199],[-99.82837564118977,17.06822577363224],[-99.80380792406613,17.064607301350716],[-99.7909754172769,17.05489209585746],[-99.78823639922304,17.04950574791246],[-99.79902019080055,17.053174637508555],[-99.80386991684074,17.04482823682726],[-99.81695055231616,17.04850190825405],[-99.82662126396843,17.04058049555782],[-99.8141032112041,17.04079844269406],[-99.80896820944547,17.03027547595987],[-99.79336908770767,17.024608583097827],[-99.78525274306884,17.013332439415944],[-99.79149376670574,17.000686474683505],[-99.76982887762509,16.990119111916773],[-99.77547822501448,16.98293412755903],[-99.76980535684824,16.962725642396183],[-99.77740394311593,16.95595965514365],[-99.77479014817423,16.948007776785612],[-99.7965265675803,16.934740373559194],[-99.79576789964234,16.9294046800323],[-99.83487235072124,16.923040960934184],[-99.83308898263736,16.905591554994196],[-99.84361928437241,16.89898518399473],[-99.84392597991068,16.890411053122218],[-99.85246446929963,16.891151249131294],[-99.85676587219416,16.880557535382803],[-99.88046677607367,16.873898939136215],[-99.8850368142528,16.87749498315459],[-99.89819954294744,16.868764119675248],[-99.90524022484018,16.890583444580695],[-99.91525225847643,16.886285191412053],[-99.91682650651867,16.8939159186481],[-99.92507287395833,16.889016856905418],[-99.92781523445576,16.89357381364266],[-99.93737832392146,16.885749949230167],[-99.94657445805281,16.918022368762525],[-99.9377088862372,16.92984008000223],[-99.94102664269207,16.93306326580775],[-99.91686832662566,16.93863413528],[-99.93628369225968,16.960233848937918],[-99.88608959230595,16.994698714194286],[-99.87151104845458,16.99137513527238],[-99.8692728542103,17.011474439041876],[-99.86158016326999,17.017571433755734],[-99.86557454788243,17.039957410396926],[-99.84586351912363,17.03554179454679],[-99.85329198059901,17.06765783786271]]]}},{"type":"Feature","properties":{"clave":"06","tipo":"local","nombre":"Distrito local 6","entidad":"12"},"geometry":{"type":"Polygon","coordinates":[[[-99.83465127183347,16.90353028443287],[-99.80631478123908,16.891906742835182],[-99.75856699245293,16.891935172323873],[-99.75803930273739,16.8784437651939],[-99.769516951616,16.877399309274733],[-99.77381170837589,16.862596807926426],[-99.79972717124008,16.861840870747162],[-99.79348033969005,16.85194810852147],[-99.81099782399971,16.855493758924222],[-99.81453284439183,16.839786333225145],[-99.81552295432483,16.848835705570604],[-99.82942876083318,16.84622948644022],[-99.82822688971798,16.860845463289316],[-99.85414686768301,16.884081664207894],[-99.83465127183347,16.90353028443287]]]}},{"type":"Feature","properties":{"clave":"07","tipo":"local","nombre":"Distrito local 7","entidad":"12"},"geometry":{"type":"Polygon","coordinates":[[[-99.769516951616,16.877399309274733],[-99.7346386308651,16.87655695390508],[-99.73514091984406,16.86430976629527],[-99.72746598311164,16.86089429931961],[-99.71620129576662,16.86665440509991],[-99.71565384325524,16.859452530371286],[-99.70112529218474,16.848070398942166],[-99.70621287592094,16.837326823072537],[-99.6943405030126,16.82181401805997],[-99.6853869885417,16.82344141150234],[-99.686491295293,16.834700532305728],[-99.68308617097352,16.825172200969305],[-99.67962105175471,16.831368458014786],[-99.67552361137483,16.822996467747128],[-99.62792607225366,16.821184313674944],[-99.62365825679304,16.826880376032978],[-99.60330402136648,16.811580994842373],[-99.59419591360415,16.795657927022773],[-99.605328143824,16.766978397108783],[-99.62352588577282,16.748006187281106],[-99.62085450949235,16.728630168856437],[-99.60211871008372,16.71275638897669],[-99.60690765533421,16.68465419412215],[-99.69831287214595,16.710841685165818],[-99.76342336551771,16.746123778262916],[-99.81329246260471,16.785236044804794],[-99.82827986328293,16.790592132893245],[-99.83367897694072,16.783407299303256],[-99.84507173472724,16.784422898246824],[-99.84637536483179,16.79276687290136],[-99.8587981096799,16.795777212872974],[-99.83748929529656,16.797087808105104],[-99.82979479818721,16.82538531376502],[-99.83424048058433,16.83521258587784],[-99.82494198800009,16.8499452549504],[-99.81552295432483,16.848835705570604],[-99.81387109756217,16.839732286711236],[-99.81099782399971,16.855493758924222],[-99.79348033969005,16.85194810852147],[-99.79972717124008,16.861840870747162],[-99.77381170837589,16.862596807926426],[-99.769516951616,16.877399309274733]]]}},{"type":"Feature","properties":{"clave":"08","tipo":"local","nombre":"Distrito local 8","entidad":"12"},"geometry":{"type":"Polygon","coordinates":[[[-100.07214400730298,17.40025407072378],[-100.04143872952491,17.389980852024756],[-100.01343633339758,17.3398681369222],[-99.99919206874232,17.342466982056003],[-99.9935723531382,17.3502628712963],[-99.97541579066406,17.34955639749818],[-99.97241201079908,17.33656235892629],[-99.96310719621016,17.338403115837757],[-99.96470680194699,17.330864647641246],[-99.9530998754391,17.32890056761195],[-99.95021322727106,17.316154263425666],[-99.9441244692085,17.316497295043934],[-99.94779200010151,17.30837529490218],[-99.94043161331436,17.301019764908222],[-99.94510849151048,17.270207183779384],[-99.89939582780471,17.272856652292784],[-99.89490639302069,17.260691617340434],[-99.8777872863035,17.25293553763098],[-99.86985183723336,17.23680048203006],[-99.85481179608969,17.244275697301436],[-99.85239378632524,17.23326579500194],[-99.84343750102035,17.235762798368423],[-99.83275186439336,17.224184375061228],[-99.83561056161142,17.198095906673206],[-99.82378310562942,17.195461726906046],[-99.8181503957165,17.17741664410011],[-99.80758725055516,17.174531414598682],[-99.8425307035666,17.171454914185045],[-99.84051343703258,17.15154230630128],[-99.87671914830786,17.098897804722583],[-99.86110439084817,17.092312218822823],[-99.86027931882491,17.071195613101253],[-99.847379438542,17.0556725073487],[-99.84586351912363,17.03554179454679],[-99.86557454788243,17.039957410396926],[-99.86158016326999,17.017571433755734],[-99.8692728542103,17.011474439041876],[-99.87151104845458,16.99137513527238],[-99.88608959230595,16.994698714194286],[-99.93628369225968,16.960233848937918],[-99.91686832662566,16.93863413528],[-99.94102664269207,16.93306326580775],[-99.9377088862372,16.92984008000223],[-99.94664362043419,16.91697684912584],[-99.9393477115579,16.889241483908286],[-99.95196689979005,16.880135822706656],[-99.95950765279704,16.893210968152104],[-99.98349462449168,16.905517788252617],[-100.12586139572474,16.947487828704638],[-100.22528071702678,16.98688719923153],[-100.23071380432916,17.002199661325356],[-100.21925302168512,17.00479321981203],[-100.28228627562638,17.024998691734883],[-100.2924466811268,17.036662122510588],[-100.2884042684126,17.04719407580354],[-100.2990627761394,17.0544914738219],[-100.29919408477707,17.070535538309127],[-100.30712040401731,17.080470488818452],[-100.3069152768987,17.103290929159275],[-100.29083421468549,17.11598087743196],[-100.28907116403286,17.13361591061758],[-100.2796747346748,17.142730711918368],[-100.26073244578932,17.148717677274615],[-100.24400299962461,17.14072085463282],[-100.23355091816008,17.15605596938872],[-100.21264372718248,17.15871164732614],[-100.22836280521358,17.17699330434791],[-100.25421629081471,17.190420226439624],[-100.21887053962377,17.22463201260893],[-100.23043735610604,17.23205864103242],[-100.22855924360232,17.236860752007303],[-100.21078034886452,17.24213865285395],[-100.17906575602672,17.273985580997696],[-100.17944824257101,17.282680033742857],[-100.19665218240182,17.293838863165934],[-100.1880473956139,17.31926518831528],[-100.13985793135501,17.3447681211314],[-100.07214400730298,17.40025407072378]]]}},{"type":"Feature","properties":{"clave":"09","tipo":"local","nombre":"Distrito local 9","entidad":"12"},"geometry":{"type":"Polygon","coordinates":[[[-99.74869162612254,17.244485680859928],[-99.74294942299287,17.232069516039015],[-99.73491021720457,17.235223392754598],[-99.73330330181807,17.223631389576482],[-99.72583777637216,17.232663919173604],[-99.72101554006882,17.224469608444615],[-99.71240136654583,17.231183885766445],[-99.70643338878864,17.21404653171237],[-99.70069140680117,17.21545835517664],[-99.69736349957773,17.20726237302482],[-99.69035603355105,17.21662457466497],[-99.68059456583511,17.218121173175334],[-99.68128068695631,17.226153413186818],[-99.67117400487005,17.227898211748762],[-99.66359825201009,17.219538290216548],[-99.67439404186428,17.216634145716093],[-99.66498071795984,17.209683063491838],[-99.66980490022479,17.206616525847963],[-99.66544595118945,17.196515845669417],[-99.65557125395684,17.196437847025763],[-99.6544276762042,17.187329113964612],[-99.64593019649273,17.189154661353395],[-99.64248936326702,17.182696745215377],[-99.63754865208847,17.188826708245134],[-99.64110397148899,17.1957815316573],[-99.63593695644485,17.1957834857636],[-99.62626948871683,17.1705166007684],[-99.62987285678257,17.160431874386177],[-99.60880657374959,17.169215887693582],[-99.60389057684165,17.16307461663884],[-99.59652609317698,17.165366272945683],[-99.58918799347062,17.139488992552675],[-99.57402474629957,17.13358860992995],[-99.56387608014454,17.142076090965965],[-99.56025032082587,17.130476117647774],[-99.55381898691081,17.129790209632535],[-99.5647971955743,17.115512943826623],[-99.55072364483425,17.10254995746384],[-99.55354354376784,17.08849090839501],[-99.54311182150585,17.058243438473013],[-99.5581580315819,17.058217052048015],[-99.56888767823892,17.047249185702118],[-99.55682297831196,17.02270694295108],[-99.57935691308037,17.01658239841178],[-99.60908102363834,17.020577432873203],[-99.6127794843798,16.987237115466296],[-99.62543935377148,16.979749110640142],[-99.63978060151925,16.98211460550946],[-99.63055746065454,16.9633795349112],[-99.63808253112671,16.947679982713847],[-99.63181111506606,16.937396435242903],[-99.58437731831683,16.91761618981923],[-99.5707123200964,16.919304482166034],[-99.53364918327186,16.94258715186754],[-99.57895583083919,16.950288002674856],[-99.56760055858624,16.974330554760627],[-99.53994445309779,16.971744049618447],[-99.53934557763029,16.97720414753896],[-99.49758574053705,16.995000256968595],[-99.47463670526915,16.99201000405065],[-99.47554887619911,16.969832967475355],[-99.48284520232649,16.95670345963298],[-99.50112245031946,16.95148061712144],[-99.49284260742836,16.930673426735474],[-99.51011141278752,16.919652267445162],[-99.51951554489376,16.896598167252762],[-99.52147533439543,16.84545741108253],[-99.56929375902912,16.798629525135954],[-99.57730907489675,16.801721315058405],[-99.59489152818598,16.793922372611615],[-99.60330402136648,16.811580994842373],[-99.62365825679304,16.826880376032978],[-99.62792607225366,16.821184313674944],[-99.67552361137483,16.822996467747064],[-99.68740870648801,16.834786158913566],[-99.6853869885417,16.82344141150234],[-99.6943405030126,16.82181401805997],[-99.70621287592094,16.837326823072537],[-99.70112529218474,16.848070398942166],[-99.71565384325524,16.859452530371286],[-99.71620129576662,16.86665440509991],[-99.72746598310907,16.860894298632516],[-99.73514091984146,16.864309765608578],[-99.73463863086252,16.876556953219584],[-99.75803930273739,16.8784437651939],[-99.75856699245293,16.891935172323873],[-99.80631478123908,16.891906742835182],[-99.8344663504225,16.9034202612582],[-99.83038387643957,16.912828143890174],[-99.83487235072124,16.923040960934184],[-99.79576789964234,16.9294046800323],[-99.7965265675803,16.934740373559194],[-99.77479014817423,16.948007776785666],[-99.77740394311593,16.95595965514365],[-99.76817116629914,16.970831686093153],[-99.77402111439153,16.97225428239377],[-99.77547822501448,16.98293412755903],[-99.76982887762509,16.990119111916773],[-99.78875105174124,16.996706964486563],[-99.78525274306884,17.013332439415944],[-99.79771470997501,17.03024724199883],[-99.80896820944547,17.03027547595987],[-99.81616774900974,17.041631078460664],[-99.82329700616977,17.038586325716818],[-99.82662126396843,17.04058049555782],[-99.81695055231616,17.04850190825405],[-99.80386991684074,17.04482823682726],[-99.79902019080055,17.053174637508555],[-99.78823639922304,17.04950574791246],[-99.7909754172769,17.05489209585746],[-99.80380792406613,17.064607301350716],[-99.82837564118977,17.06822577363224],[-99.84234741894517,17.08207896510199],[-99.85329198059901,17.06765783786271],[-99.86027931882491,17.071195613101253],[-99.86110439084817,17.092312218822823],[-99.87656768037586,17.09988462894714],[-99.84051343703258,17.15154230630128],[-99.8425307035666,17.171454914185045],[-99.75477643978984,17.17558223769532],[-99.74869162612254,17.244485680859928]]]}},{"type":"Feature","properties":{"clave":"10","tipo":"local","nombre":"Distrito local 10","entidad":"12"},"geometry":{"type":"Polygon","coordinates":[[[-100.4812204670399,17.630650967893104],[-100.45902334290524,17.599030240571917],[-100.46278921569781,17.57109167352713],[-100.44331023997326,17.55887588303325],[-100.42255877339085,17.564940414392392],[-100.39494560469845,17.549099474461876],[-100.38848885148049,17.552593668350603],[-100.37413947729294,17.544631881167874],[-100.36332809498364,17.549255634777193],[-100.2855547894262,17.512642070457126],[-100.25443136414958,17.507637615338204],[-100.19511671020702,17.511203825013805],[-100.17639853943743,17.468122816648243],[-100.13683129788127,17.468087817671265],[-100.12014501581243,17.452070701326896],[-100.06556577239488,17.461949006458685],[-100.03294318922404,17.47716834360732],[-100.01859663351648,17.46178212145285],[-100.08724685000082,17.42464078506079],[-100.07214400730298,17.40025407072378],[-100.13985793135501,17.3447681211314],[-100.1880473956139,17.31926518831528],[-100.19665218240182,17.293838863165934],[-100.17944824257101,17.282680033742857],[-100.17906575602672,17.273985580997696],[-100.21078034886452,17.24213865285395],[-100.22855924360232,17.236860752007303],[-100.23043735610604,17.23205864103242],[-100.21887053962377,17.22463201260893],[-100.25421629081471,17.190420226439624],[-100.22836280521358,17.17699330434791],[-100.21264372718248,17.15871164732614],[-100.23355091816008,17.15605596938872],[-100.24400299962461,17.14072085463282],[-100.26073244578932,17.148717677274615],[-100.27766852972553,17.14423524964863],[-100.28907116403286,17.13361591061758],[-100.29083421468549,17.11598087743196],[-100.3069152768987,17.103290929159275],[-100.30801267960335,17.084551152200955],[-100.29919408477707,17.070535538309127],[-100.2990627761394,17.0544914738219],[-100.2878910170063,17.045440821589914],[-100.2924466811268,17.036662122510588],[-100.28228627562638,17.024998691734883],[-100.21925302168512,17.00479321981203],[-100.23033193915188,17.003261782846145],[-100.2261808760828,16.987413384611965],[-100.4187314108814,17.05861384124208],[-100.58997703376679,17.11563274751149],[-100.67270881648095,17.136509976202433],[-100.82658127995968,17.196454457286546],[-100.90239152786633,17.21843720119442],[-100.8989502630875,17.244020529354607],[-100.88750490342409,17.254737106917016],[-100.88850073503241,17.263411342824412],[-100.86935176024528,17.2612982418615],[-100.85730192032996,17.28367137567007],[-100.86364255654763,17.297293922215086],[-100.84955382253814,17.306760352517113],[-100.83642046971906,17.30072371253487],[-100.81097591329966,17.304527915556484],[-100.80267721886023,17.316160475445738],[-100.77141467327736,17.325357095580802],[-100.7717079567837,17.364267124359657],[-100.72966490223502,17.364116847612728],[-100.7049360480964,17.37390694202634],[-100.68524891794533,17.369241309501035],[-100.71819346703401,17.3963683060722],[-100.71438092436892,17.44068071963561],[-100.68967518386916,17.45783022154584],[-100.67794790482381,17.459025419387146],[-100.66802157589939,17.45427260798488],[-100.66770234267612,17.44653884324266],[-100.6634968788305,17.449706168781965],[-100.6557713314304,17.44012337540418],[-100.65133765979566,17.4427464525752],[-100.64824026791581,17.477898541158606],[-100.63435328695051,17.48815113875814],[-100.65477674261273,17.50021025889792],[-100.65565244462908,17.50782628179507],[-100.60362716432958,17.525488108433862],[-100.59022379440393,17.524098223608657],[-100.5988359482823,17.536905137940188],[-100.58105840551995,17.553469307744958],[-100.57709446056809,17.579408558693622],[-100.56743671733533,17.59500378692574],[-100.55866055144524,17.59855098829598],[-100.54936490759019,17.587653617476803],[-100.50776259707685,17.589621708423195],[-100.49112928475898,17.583814971740164],[-100.48148925594143,17.614413231366175],[-100.48737013555244,17.623139925081613],[-100.4812204670399,17.630650967893104]]]}},{"type":"Feature","properties":{"clave":"11","tipo":"local","nombre":"Distrito local 11","entidad":"12"},"geometry":{"type":"Polygon","coordinates":[[[-101.34828648063214,18.07376544860066],[-101.33613096967197,18.06454414819888],[-101.31492271137911,18.060402254343032],[-101.30805808062709,18.045698600506622],[-101.29335113953503,18.040853810563483],[-101.29129068595375,18.034633314265168],[-101.28235917229026,18.034029162232137],[-101.27605410270772,18.045352211545076],[-101.24796388597909,18.045627122479534],[-101.24083050622593,18.039343201522453],[-101.24016599984837,18.017980255542547],[-101.18943860373005,17.99318012207458],[-101.18987556970679,17.976539074396214],[-101.20501314748594,17.959877602032844],[-101.18372002472371,17.94766992397902],[-101.17860051391834,17.920832040787705],[-101.14452116607231,17.9015272487834],[-101.15215867858484,17.84788027197313],[-101.13415752660762,17.7919560607014],[-101.12158090506499,17.704524977374497],[-101.11132748848082,17.687220713790687],[-101.102680662892,17.70813545274573],[-101.10993235259158,17.72930610734669],[-101.05991198515652,17.7590772562619],[-101.00998574151897,17.750062552190983],[-101.01323728227148,17.77528577111491],[-100.99706192590385,17.797489141484128],[-100.94754240859616,17.760803997604476],[-100.95167753441626,17.74838179430601],[-100.94373280079337,17.742187609951635],[-100.94538298694926,17.73449495590995],[-100.91815138631434,17.72110236444024],[-100.90366557674054,17.72248148563813],[-100.90034196278063,17.729859981515816],[-100.89282550013382,17.720068732098383],[-100.8743129274831,17.72156701614856],[-100.87743249922713,17.71683222544693],[-100.87026336254475,17.70707790049452],[-100.85679642387373,17.706627815615704],[-100.86145201941483,17.700021489484087],[-100.85280269455524,17.697915778279015],[-100.87198031100972,17.687870072224527],[-100.85945230287274,17.676969218972342],[-100.82347224493479,17.671151272424375],[-100.8009405714018,17.676923485966896],[-100.77079429176318,17.666802848706233],[-100.7457825154689,17.687816835110446],[-100.67965759816738,17.656377973206975],[-100.63558214165965,17.64976309050174],[-100.63181583271964,17.654705082750734],[-100.6095786954399,17.655373644183168],[-100.59807941842793,17.64685922343222],[-100.598452714603,17.63580073386657],[-100.57514490240311,17.625699709169893],[-100.57429294973278,17.61126408189898],[-100.55866055144524,17.59855098829598],[-100.57709446056809,17.579408558693622],[-100.58390846142113,17.54886056790438],[-100.5988359482823,17.536905137940188],[-100.59022379440393,17.524098223608657],[-100.60362716432958,17.525488108433862],[-100.65588535093227,17.507373189952933],[-100.65477674261273,17.50021025889792],[-100.63435328695051,17.48815113875814],[-100.64824026791581,17.477898541158606],[-100.65133765979566,17.4427464525752],[-100.6557713314304,17.44012337540418],[-100.6634968788305,17.449706168781965],[-100.66770234267612,17.44653884324266],[-100.66802157589939,17.45427260798488],[-100.67794790482381,17.459025419387146],[-100.68967518386916,17.45783022154584],[-100.71438092436892,17.44068071963561],[-100.71819346703401,17.3963683060722],[-100.68524891794533,17.369241309501035],[-100.7049360480964,17.37390694202634],[-100.72966490223502,17.364116847612728],[-100.7717079567837,17.364267124359657],[-100.77141467327736,17.325357095580802],[-100.80267721886023,17.316160475445738],[-100.81097591329966,17.304527915556424],[-100.83642046971906,17.30072371253492],[-100.84955382253814,17.306760352517166],[-100.86364255654766,17.297293922215086],[-100.85730192032996,17.28367137567007],[-100.86935176024528,17.2612982418615],[-100.88850073503241,17.263411342824412],[-100.90503058889244,17.218775592141874],[-100.98118661974082,17.24891389826362],[-101.01280187432451,17.254323308042466],[-101.03745386230825,17.273851608235347],[-101.0611699690393,17.26575774021977],[-101.06477485508165,17.27461242584137],[-101.05633733763663,17.27451222950854],[-101.05023016360794,17.29182183661623],[-101.05549191175551,17.30700553019437],[-101.08301176107474,17.334603932696396],[-101.17412874117292,17.38815149043712],[-101.18494775413242,17.413355408434743],[-101.28069588167199,17.463281190903224],[-101.4416980445888,17.525436331393657],[-101.45721226269498,17.525732042802304],[-101.46238888392864,17.53627724372174],[-101.44324774761381,17.538844638756878],[-101.44162538732834,17.557784672292605],[-101.4778886897767,17.600859853847656],[-101.51723521708449,17.624523100606414],[-101.55816835265465,17.614607386992343],[-101.55770295031743,17.62203959716726],[-101.54607067237181,17.62478316490043],[-101.55165090840856,17.638174571412943],[-101.54047575959925,17.64282761567272],[-101.54535398412942,17.659147606775328],[-101.54106502164508,17.667022087622446],[-101.55440596140326,17.671417382125053],[-101.58083098445024,17.659530818372964],[-101.60367718171982,17.669667545059568],[-101.59327299914139,17.687708459078177],[-101.57322847794417,17.688496118516408],[-101.54389294624414,17.70505559227013],[-101.57886906579404,17.725497796388748],[-101.56557810384179,17.73000275873011],[-101.56265894465348,17.739828234979374],[-101.53279329156807,17.741110526687407],[-101.4965466147272,17.758822620846214],[-101.48077603958635,17.78384716457736],[-101.48549267116535,17.79561975862718],[-101.49890065722771,17.804750882934346],[-101.48772750335515,17.867774966135208],[-101.53194863346839,17.90862624563465],[-101.49307835067741,17.933858625980633],[-101.50811427493814,17.98668424128142],[-101.45545936353693,17.97981873087643],[-101.43776918803826,17.99294659274466],[-101.4450802149252,18.01768959383358],[-101.40220192009747,18.031795863960326],[-101.38247962702236,18.054955460152776],[-101.34828648063214,18.07376544860066]]]}},{"type":"Feature","properties":{"clave":"12","tipo":"local","nombre":"Distrito local 12","entidad":"12"},"geometry":{"type":"Polygon","coordinates":[[[-101.7847379046865,18.60223347174954],[-101.74002354809811,18.60395123039065],[-101.7132649059423,18.59005688460425],[-101.65386699729429,18.595375570697907],[-101.63972165582027,18.603859938941618],[-101.62524678362597,18.60046639011662],[-101.62031691199371,18.586635118290925],[-101.60529175071336,18.575755210487678],[-101.58797649082418,18.524834211978842],[-101.56479784315334,18.50926010158986],[-101.5511761083288,18.510254227996587],[-101.54005234022294,18.496800000136705],[-101.51814297790598,18.496075185004482],[-101.50254620844059,18.48605195893359],[-101.51911252637102,18.462748768810062],[-101.53166248117077,18.45691101709178],[-101.4782712240959,18.344922900510046],[-101.45526528594148,18.31809969576834],[-101.4759869732638,18.294074476513654],[-101.4640115879348,18.265424194915333],[-101.4816573653221,18.258105204687958],[-101.46015518784824,18.24876622667482],[-101.4584172176882,18.225383440309447],[-101.44091040197607,18.218924715423203],[-101.43023019467039,18.201431490546565],[-101.42374885212824,18.189369776850743],[-101.42980876627075,18.15998286494429],[-101.41612451681725,18.14416606691833],[-101.40032703520755,18.143190573016287],[-101.34757165940576,18.162148292698692],[-101.33654197837504,18.158151121203854],[-101.31811052949848,18.176345624385284],[-101.30252088856219,18.17214123289681],[-101.31141998025322,18.15824753453183],[-101.3145334130342,18.12862952804789],[-101.30802662957531,18.082953479909467],[-101.31492271137911,18.060402254343032],[-101.33613096967197,18.06454414819888],[-101.34828648063214,18.07376544860066],[-101.36373909312503,18.06766427083574],[-101.40220192009747,18.031795863960326],[-101.4450802149252,18.01768959383358],[-101.43776918803826,17.99294659274463],[-101.45545936353695,17.97981873087643],[-101.50811427493814,17.986684241281434],[-101.49307835067741,17.933858625980633],[-101.53194863346839,17.90862624563465],[-101.48772750335515,17.867774966135208],[-101.49890065722771,17.804750882934346],[-101.48549267116535,17.79561975862718],[-101.48077603958635,17.783847164577313],[-101.4965466147272,17.758822620846214],[-101.53279329156807,17.741110526687407],[-101.56265894465348,17.739828234979374],[-101.56557810384179,17.73000275873011],[-101.57886906579404,17.725497796388748],[-101.54389294624414,17.705055592270117],[-101.57322847794417,17.688496118516408],[-101.59327299914139,17.687708459078177],[-101.60367718171982,17.669667545059568],[-101.58083098448817,17.659530818487525],[-101.55440596140326,17.671417382125053],[-101.54106502164508,17.667022087622446],[-101.54535398412942,17.659147606775328],[-101.54047575959925,17.64282761567272],[-101.55784628617145,17.637870603677094],[-101.56134211652945,17.627275890474436],[-101.57369557392957,17.639367511217507],[-101.59769978942914,17.636353621531825],[-101.60837609194117,17.660598232450244],[-101.63344295294027,17.66778908694164],[-101.6504603007464,17.66529300084126],[-101.644824974928,17.671644583494874],[-101.65029451000025,17.702100482774046],[-101.66906953955719,17.735252013470255],[-101.69520906578795,17.761085836616164],[-101.74642170371034,17.79209320312862],[-101.74812348171784,17.80897497856274],[-101.77111650690482,17.8304516117318],[-101.76399417241997,17.83944421328308],[-101.76936170365731,17.837780919908585],[-101.7861937625359,17.867193862821807],[-101.8176753156789,17.89297461724896],[-101.8652814101139,17.911089804228453],[-101.86247628045165,17.917447873635005],[-101.86769480959133,17.91393499610371],[-101.94124677280237,17.95998998268128],[-102.04058075615788,17.989104911598737],[-102.0981204344694,17.982437674960984],[-102.13063685925373,17.944578273530595],[-102.14384072770417,17.954701316526123],[-102.14025589209166,17.973532385624317],[-102.17075120172808,17.98842857238928],[-102.18178349960257,18.00220293877473],[-102.18440349163876,18.062259657019787],[-102.17392674415512,18.11133524384115],[-102.17743103932321,18.12178572465699],[-102.16203518927496,18.14690265218612],[-102.16123908511196,18.16493794060762],[-102.15059318151951,18.170023017652966],[-102.14232880810633,18.187366770846936],[-102.05714859435007,18.195478679047227],[-102.04010923586888,18.20801787183711],[-102.0179792038189,18.202963359975016],[-101.97720981491327,18.207692412379256],[-101.97283137314211,18.232631080054567],[-101.95117699788321,18.227559998525802],[-101.92741658342638,18.231725277753384],[-101.90797502123665,18.243412331136504],[-101.90684723326068,18.261300373796782],[-101.89468966181198,18.27880379283521],[-101.8826068688818,18.26208249344511],[-101.86265778698395,18.26052110344495],[-101.88255404067387,18.276675533432524],[-101.86294530736907,18.28743716173132],[-101.8695048814861,18.30700567423714],[-101.8565320591098,18.314536289237722],[-101.86972719544939,18.330543875038753],[-101.8622356152726,18.35452779766696],[-101.8861303926966,18.380101718780164],[-101.88878336993805,18.398043634041493],[-101.86564399048834,18.44935657876383],[-101.88662984293201,18.480388047959398],[-101.8841867518386,18.522758319422348],[-101.84683971290475,18.569247350643593],[-101.7847379046865,18.60223347174954]]]}},{"type":"Feature","properties":{"clave":"13","tipo":"local","nombre":"Distrito local 13","entidad":"12"},"geometry":{"type":"Polygon","coordinates":[[[-99.24338766618338,16.635756437564847],[-99.44263263379297,16.680100378020835],[-99.54209528871985,16.689279358781945],[-99.60690765533421,16.68465419412215],[-99.60211871008372,16.71275638897669],[-99.62085450949235,16.72863016885646],[-99.62352588577282,16.748006187281135],[-99.605328143824,16.766978397108844],[-99.59718998481408,16.792854651912993],[-99.57730907489675,16.801721315058405],[-99.56929375902912,16.798629525135954],[-99.52147533439543,16.84545741108253],[-99.51951554489376,16.896598167252762],[-99.51011141278752,16.919652267445162],[-99.49284260742836,16.930673426735474],[-99.50112245031946,16.95148061712144],[-99.48284520232649,16.95670345963298],[-99.47554887619911,16.969832967475355],[-99.47463670526915,16.99201000405065],[-99.49758574053703,16.995000256968595],[-99.53934557763029,16.97720414753896],[-99.53994445309779,16.971744049618447],[-99.56760055858624,16.974330554760627],[-99.57895583083919,16.950288002674856],[-99.53364918327186,16.94258715186754],[-99.5707123200964,16.919304482166034],[-99.58437731831683,16.91761618981923],[-99.63363917551871,16.939471644881955],[-99.63795939721523,16.949748623875838],[-99.63055746065454,16.9633795349112],[-99.63978060151925,16.98211460550946],[-99.62543935377148,16.979749110640142],[-99.6127794843798,16.987237115466296],[-99.60908102363834,17.020577432873203],[-99.57935691308037,17.01658239841178],[-99.55832278413739,17.02114002896354],[-99.56888767823892,17.047249185702118],[-99.5581580315819,17.058217052048015],[-99.54311182150585,17.058243438473013],[-99.55354354376784,17.08849090839501],[-99.55072364483425,17.10254995746384],[-99.5647971955743,17.115512943826623],[-99.55381898691081,17.129790209632535],[-99.56025032082587,17.130476117647774],[-99.56261467783494,17.141492130052345],[-99.57402474629957,17.13358860992995],[-99.58918799347062,17.139488992552675],[-99.59400804204547,17.162957372084993],[-99.60389057684165,17.16307461663884],[-99.60754209950444,17.16929429551701],[-99.63078683163442,17.16175908954756],[-99.62626948871683,17.1705166007684],[-99.6366329325175,17.194137737150598],[-99.62834578695721,17.21566092851157],[-99.49826652889142,17.193219566590923],[-99.46943705481527,17.199005311152046],[-99.45565392592802,17.2206622696696],[-99.39362936200787,17.203012027565897],[-99.37088014173925,17.185487936345872],[-99.36057224281998,17.16795675955684],[-99.35489846654707,17.16806040580787],[-99.35652447063534,17.17590910429616],[-99.35033593229343,17.17651061029647],[-99.34949482726044,17.18350022509135],[-99.33994313534015,17.178788702080116],[-99.34448672690607,17.167802695780342],[-99.3386112601353,17.17034039987634],[-99.33405570349755,17.162952563664515],[-99.3283880811019,17.169380892279857],[-99.31518835045152,17.166419973276128],[-99.31268285667048,17.162434999870566],[-99.32227022170112,17.15387431210228],[-99.30794307428378,17.138297125225378],[-99.29992303909152,17.139399467722303],[-99.30188613024373,17.14551120279361],[-99.29542896407949,17.150813655168434],[-99.27381304748356,17.14077715849898],[-99.25130558950832,17.152038488871195],[-99.24021300423344,17.148651949756182],[-99.2390774252932,17.160646449593052],[-99.2339024048554,17.157132998510846],[-99.22942720979654,17.163090315331434],[-99.21660776424409,17.156849344355127],[-99.19460857305215,17.164257885228206],[-99.18201286074552,17.149287942225452],[-99.1986432916521,17.128789962173556],[-99.2142296524467,17.128177438975353],[-99.21409913645309,17.102796752974015],[-99.22998104838238,17.11509861999343],[-99.23706199889756,17.106501298063584],[-99.24777668479865,17.111949096109257],[-99.24920595590301,17.099928179919313],[-99.25448389109417,17.100423811932085],[-99.24047026901856,17.09165880292268],[-99.2342440396117,17.07618865288599],[-99.25324082461083,17.067375303029735],[-99.25114462853091,17.05818807002303],[-99.23589686391321,17.045924185863697],[-99.23519651754889,17.038748350222104],[-99.21712001864111,17.029930203559836],[-99.21069471735332,17.035013877678086],[-99.20663292801173,17.023736121937937],[-99.1782176959241,17.01181410940932],[-99.1651891368418,16.997052145197674],[-99.16763578235263,16.989192636768863],[-99.15840511226594,16.97605319412979],[-99.16430355914041,16.969819391059463],[-99.16209842708702,16.94841551042517],[-99.167525771096,16.94090561495513],[-99.16608047133619,16.921147019000752],[-99.15962442566406,16.91657174959982],[-99.16590160553673,16.902080727682314],[-99.15557024913775,16.88094233302071],[-99.16236660814043,16.879200648888986],[-99.15694118773125,16.86834439509448],[-99.16513097860675,16.850413817141483],[-99.1775317328686,16.842192086580415],[-99.1675896581328,16.837931625473463],[-99.17664954314404,16.827546974236736],[-99.1659217463962,16.818752272169682],[-99.1761929210387,16.821607142690144],[-99.17440459632093,16.814026226062026],[-99.18876970339149,16.80805929682912],[-99.1813721802242,16.800396228452584],[-99.1703312272098,16.80076650282756],[-99.16872583839915,16.794339802763645],[-99.18428375846794,16.789513529945285],[-99.20465722222147,16.771325832625866],[-99.19681999999928,16.7450452770678],[-99.20336638888816,16.736829443733743],[-99.19865805555483,16.719678054843268],[-99.20583749705203,16.7119875034824],[-99.20068472356614,16.70582444327351],[-99.20863527687449,16.697480278790966],[-99.20316027777706,16.678679443728335],[-99.21653416666584,16.63721138816902],[-99.24338766618338,16.635756437564847]]]}},{"type":"Feature","properties":{"clave":"14","tipo":"local","nombre":"Distrito local 14","entidad":"12"},"geometry":{"type":"Polygon","coordinates":[[[-98.7542967088753,17.491675333808704],[-98.76229303746004,17.477949844893814],[-98.7558951123168,17.47447735846741],[-98.74110792687618,17.42973813472375],[-98.7497643527116,17.420264750310945],[-98.74253625052226,17.412747859540225],[-98.75515240529548,17.403373965353037],[-98.75708319200629,17.36877884870474],[-98.76948005357758,17.353455468566917],[-98.78222601579208,17.354656383895225],[-98.78138540510149,17.34957953237424],[-98.76966519231338,17.323787776274237],[-98.75708188858133,17.32097367788281],[-98.73194415143283,17.335423595867315],[-98.71187953403229,17.329263737237948],[-98.70446150183348,17.334968349677702],[-98.68676711684427,17.310469332595154],[-98.69667739637651,17.312957491883456],[-98.69524380887385,17.30099884349666],[-98.70803724423673,17.288054428184388],[-98.70534384838558,17.251517307265367],[-98.73065669566601,17.233115253810343],[-98.73252853132968,17.212592831883438],[-98.75348895525308,17.204323614511743],[-98.75889799477109,17.18682223641668],[-98.77198423593372,17.182686910631524],[-98.78111295134867,17.16588881762608],[-98.79893393813785,17.15680749309585],[-98.78778228038368,17.138881338642783],[-98.8063967468605,17.105396819751096],[-98.7981576505475,17.078888198429226],[-98.80615686277203,17.05655301879116],[-98.83243661246016,17.06813964241984],[-98.8380044161424,17.078819510265276],[-98.8655113224875,17.07045484193584],[-98.86639338385855,17.049503004561565],[-98.85996477227489,17.03966128128351],[-98.86884104757479,17.024624188578912],[-98.89201065417524,17.023554264024465],[-98.91476477075145,17.012888702172496],[-98.92073459132386,17.00335693837296],[-98.91658166666697,16.980358888201348],[-98.90693861111146,16.966103610422174],[-98.8885152777782,16.968062777088992],[-98.89056166666707,16.953974443754287],[-98.8666125000005,16.94006027708634],[-98.85038305555611,16.920411665973337],[-98.88646527777819,16.885205832636693],[-98.97006805555567,16.77705444373752],[-98.98186888888895,16.80099277707314],[-98.9939527777778,16.802522499295463],[-99.01195148977872,16.777889636532866],[-99.0137510427859,16.792652964819712],[-99.02113801601921,16.79990940048849],[-99.08018818194672,16.786426812151767],[-99.08655641348962,16.77843345615249],[-99.11652022190329,16.79085194687897],[-99.11599817973438,16.777900355007713],[-99.12247077639023,16.772721271100107],[-99.15208343229192,16.789779605634983],[-99.15954960614292,16.78296466490576],[-99.17060128132405,16.792964050797575],[-99.1703312272098,16.8007665028275],[-99.1813721802242,16.80039622845253],[-99.18876970339149,16.80805929682912],[-99.17440459632093,16.81402622606208],[-99.1761929210387,16.821607142690144],[-99.17008223098652,16.816905790341675],[-99.1659217463962,16.818752272169682],[-99.17664954314404,16.827546974236782],[-99.1675896581328,16.837931625473463],[-99.1775317328686,16.842192086580415],[-99.16513097860675,16.850413817141483],[-99.15694118773125,16.868344395094386],[-99.16236660814043,16.879200648888986],[-99.15557024913775,16.88094233302071],[-99.16590160553673,16.902080727682314],[-99.15962442566406,16.91657174959982],[-99.16608047133619,16.921147019000752],[-99.167525771096,16.94090561495513],[-99.16209842708702,16.94841551042517],[-99.16430355914041,16.969819391059463],[-99.15840511226594,16.97605319412979],[-99.16763578235263,16.989192636768863],[-99.1651891368418,16.997052145197674],[-99.1782176959241,17.01181410940932],[-99.20663292801173,17.023736121937937],[-99.21069471735332,17.035013877678086],[-99.21712001864111,17.029930203559836],[-99.23519651754889,17.038748350222104],[-99.23589686391321,17.045924185863697],[-99.25114462853091,17.05818807002303],[-99.25324082461083,17.067375303029735],[-99.2342440396117,17.07618865288599],[-99.24047026901856,17.09165880292268],[-99.25448389109417,17.100423811932085],[-99.24920595590301,17.099928179919313],[-99.24976076180162,17.109705119891494],[-99.23706199889756,17.106501298063584],[-99.22854774458983,17.11506829444115],[-99.21409913645309,17.102796752974015],[-99.2142296524467,17.128177438975353],[-99.1986432916521,17.128789962173556],[-99.18177895178007,17.144283543081748],[-99.130523037295,17.12795962817989],[-99.13358327838367,17.177054877178133],[-99.02688100540891,17.243341107590528],[-99.02471671337418,17.258193339732937],[-98.96301141464038,17.27350927988717],[-98.95450428243117,17.282789934659057],[-98.9298828601122,17.28352846991456],[-98.92943720134083,17.31686458410494],[-98.94241923809136,17.3342441094655],[-98.89656802205975,17.335562641952876],[-98.89373176128808,17.350543301275753],[-98.8770901990511,17.363162608521954],[-98.88262887697418,17.379551887842858],[-98.86189893207306,17.407821082770905],[-98.81575014047786,17.41066600961437],[-98.79204247586753,17.419925324209814],[-98.79873863708396,17.44819127791716],[-98.79354110824313,17.471349083966707],[-98.78120448847005,17.48726998925338],[-98.7542967088753,17.491675333808704]]]}},{"type":"Feature","properties":{"clave":"15","tipo":"local","nombre":"Distrito local 15","entidad":"12"},"geometry":{"type":"Polygon","coordinates":[[[-98.52741535712732,16.354221870615955],[-98.55815966055313,16.32408191993439],[-98.57015473303268,16.3236155345809],[-98.5661549644891,16.328804479681267],[-98.57060698012398,16.341743699489548],[-98.6595661005473,16.43054871163218],[-98.70164105911093,16.461230484184867],[-98.73994028645667,16.515396833539683],[-98.77767165874258,16.555014121121282],[-98.8037158332101,16.557567348386577],[-98.83936575200771,16.54998530910705],[-98.85866088664655,16.5285118134612],[-98.90988678348371,16.535546111987898],[-99.06654018654793,16.589531030472035],[-99.23202426598247,16.63413144968661],[-99.21653416666584,16.63721138816902],[-99.20316027777706,16.678679443728335],[-99.20863527687449,16.697480278790966],[-99.20068916669868,16.70502805264714],[-99.20601944444368,16.71105722150913],[-99.19883555555482,16.718739443732076],[-99.20336638888816,16.736829443733743],[-99.19681999999928,16.7450452770678],[-99.20321944444369,16.7742066659595],[-99.17416367221732,16.793027766188874],[-99.16317837732608,16.791299365651128],[-99.15637754336784,16.78207496676605],[-99.1520834322919,16.789779605634983],[-99.12247077639023,16.772721271100107],[-99.11599817973438,16.777900355007713],[-99.11652022190329,16.79085194687897],[-99.08655641348962,16.77843345615249],[-99.08018818194672,16.786426812151767],[-99.02113801601921,16.79990940048849],[-99.0137510427859,16.792652964819816],[-99.01195148977875,16.77788963653283],[-98.9939527777778,16.802522499295463],[-98.98186888888895,16.80099277707314],[-98.97006805555567,16.77705444373752],[-98.94425833333354,16.811439721518557],[-98.93501075152156,16.80347855295529],[-98.93438753930802,16.78937654111052],[-98.927701522241,16.785443900939917],[-98.91996555824618,16.760896374077184],[-98.90216091901988,16.746039819872117],[-98.87874161373104,16.75553392139976],[-98.8745872451826,16.7380950099667],[-98.82591677026775,16.733883690469032],[-98.84080901317024,16.70017224741286],[-98.8285814812386,16.694504918129233],[-98.85514617613227,16.673381595601967],[-98.84194443543414,16.65583333722273],[-98.82111111381805,16.656388888910236],[-98.79166666666742,16.673611110405506],[-98.77361111111195,16.6969444437411],[-98.76222222222309,16.693055554851888],[-98.77000000000083,16.719999999298857],[-98.68305555555669,16.753888888191096],[-98.68166666666782,16.744722221523528],[-98.67416666666784,16.749444443746288],[-98.6619115143212,16.731883036392734],[-98.61400575169985,16.758931769407138],[-98.60938024948982,16.755645995199863],[-98.58703886165974,16.785617433066523],[-98.55613748308075,16.80182880774594],[-98.53406348327785,16.804812864300676],[-98.49537026401494,16.791474476363305],[-98.48460196745356,16.779907340511546],[-98.49572000169117,16.777709746761868],[-98.49315304932165,16.77123531636009],[-98.50818190007581,16.759296813720177],[-98.51630208999097,16.741645237008925],[-98.52900872773375,16.73534283107454],[-98.5221596755063,16.69865044842972],[-98.53281880565577,16.686342208920518],[-98.49799691327807,16.684099247896196],[-98.50472554665153,16.66635221551339],[-98.51754946815262,16.66732805986897],[-98.51997937902216,16.651153043076683],[-98.49720191453702,16.64275176247312],[-98.49348958396598,16.628330686026874],[-98.50283806214,16.617671830978],[-98.49544047132082,16.609623124865394],[-98.4986410686416,16.59163015945049],[-98.48661934142007,16.587340181291243],[-98.48081932059624,16.59348527166124],[-98.4566129907855,16.57076334832644],[-98.44160941205898,16.567144544432953],[-98.41723420200789,16.575916087617312],[-98.40590733620702,16.571215002851567],[-98.38470606748244,16.546041407057555],[-98.38417458692851,16.513643797165138],[-98.36898401284203,16.500492689473948],[-98.37122604327824,16.490952029322766],[-98.35590480048583,16.49153061294864],[-98.35362585573594,16.486013072979443],[-98.36676071746675,16.45258040247617],[-98.34374235587012,16.44220584155331],[-98.35468786023375,16.420720184606502],[-98.41363570427504,16.431276257182443],[-98.411780484808,16.420689382510997],[-98.44202332187083,16.402381459611735],[-98.445695303913,16.38582874669103],[-98.4662149881244,16.375949219608245],[-98.47588319683187,16.35893724246833],[-98.52741535712732,16.354221870615955]]]}},{"type":"Feature","properties":{"clave":"16","tipo":"local","nombre":"Distrito local 16","entidad":"12"},"geometry":{"type":"Polygon","coordinates":[[[-98.10700301041537,16.760452110517427],[-98.13362284317576,16.75809716899815],[-98.13332790277293,16.74926090133203],[-98.12575524000245,16.749726629466377],[-98.12634773413745,16.7395428008717],[-98.13916738693125,16.72412014729789],[-98.17475936908883,16.718497221952365],[-98.1962355983064,16.698296123296302],[-98.2052868230499,16.69810762801096],[-98.20089782940687,16.712560144390412],[-98.21839167051927,16.710715831289537],[-98.21140570099513,16.66975798461508],[-98.22409735278704,16.64534664374051],[-98.21065238631506,16.633538980785396],[-98.19820319960006,16.6314599336778],[-98.21713802848848,16.616535498119905],[-98.22122944971919,16.59214238479785],[-98.21661724451111,16.593508478204672],[-98.21619693672879,16.584447028803936],[-98.32217174460209,16.570269735338893],[-98.40796710807598,16.571235518812298],[-98.41723420200789,16.575916087617312],[-98.44041053266537,16.566926109236913],[-98.4566129907855,16.57076334832644],[-98.48081932059624,16.59348527166124],[-98.48661934142007,16.587340181291243],[-98.49796315575716,16.59092095275501],[-98.49544047132082,16.609623124865394],[-98.50283806214,16.617671830978],[-98.49348958396598,16.628330686026874],[-98.49720191453702,16.64275176247312],[-98.51997937902216,16.651153043076683],[-98.51754946815262,16.66732805986897],[-98.50472554665153,16.66635221551339],[-98.49799691327807,16.684099247896196],[-98.53281880565577,16.686342208920518],[-98.5221596755063,16.69865044842972],[-98.52900872773375,16.73534283107454],[-98.51630208999097,16.741645237008925],[-98.50818190007581,16.759296813720177],[-98.49315304932165,16.77123531636009],[-98.49572000169117,16.777709746761868],[-98.48460175002191,16.78003110563022],[-98.49836567432556,16.793187871804466],[-98.53818949804253,16.804436550474477],[-98.54567061476457,16.821713168744708],[-98.56310559946027,16.810757811197224],[-98.56395093306476,16.82127676834092],[-98.5760874690289,16.830418715041557],[-98.56977689258005,16.835666912974222],[-98.57836478724964,16.842131996958344],[-98.57417133789187,16.849728854239505],[-98.58133522277636,16.84980124476223],[-98.57231668153062,16.865532159523774],[-98.57580191118122,16.874108372656096],[-98.57074687585153,16.88240765629883],[-98.57550174731608,16.884587585227237],[-98.56953211445185,16.890701582882578],[-98.54861265575704,16.888047549592716],[-98.51178894521598,16.899379277199557],[-98.52709985430693,16.937311153730057],[-98.50507355214067,16.990476241883172],[-98.52109424703036,17.00047545550696],[-98.54111111111273,17.036111110441624],[-98.57870518708732,17.0599032150713],[-98.5625042592876,17.091051001652495],[-98.54636341267921,17.09133912973987],[-98.54552354072229,17.098560324619623],[-98.52762985917813,17.097345780788785],[-98.52295463264788,17.062054976976967],[-98.52988994580289,17.048688854840318],[-98.50492397497608,17.01952203674086],[-98.49361111111291,16.991666665992625],[-98.46333333333524,16.991666665992696],[-98.46277777777969,16.966944443767925],[-98.41194444444653,16.9644444437677],[-98.3908333333355,16.949166665988393],[-98.3397222497073,16.96499995597141],[-98.28722222222471,17.012222221550452],[-98.2827778184421,17.038888887405687],[-98.26666670898156,17.052222186780902],[-98.24444444444705,17.049999999332083],[-98.24106489558602,17.040267713463955],[-98.23296743152918,17.040358288468195],[-98.23693451195574,17.053835396582237],[-98.22528133260198,17.067608029677398],[-98.22609676435718,17.078237616835914],[-98.28554561702337,17.10033049887996],[-98.26234060723185,17.13044639233658],[-98.25583034252558,17.15921003550154],[-98.26412191900597,17.173237093015334],[-98.25157424396942,17.2075203584583],[-98.2385780700408,17.219148966012675],[-98.22401838923679,17.189723285756173],[-98.21411962512096,17.18474842866399],[-98.22467613511054,17.15252030519759],[-98.22008792662702,17.145680115583392],[-98.22225778008657,17.12158945075882],[-98.17993813278859,17.118040335582073],[-98.1704332160382,17.10115632720095],[-98.15256572675112,17.10844088055263],[-98.15148292034584,17.103025297296885],[-98.1297342111705,17.095425664999777],[-98.12171773140753,17.082446043104575],[-98.0989952592288,17.084790440977702],[-98.06551056875871,17.039060750575562],[-98.069525601257,17.026163580206028],[-98.0913572508465,17.017304589552325],[-98.1133116130062,16.994882423309534],[-98.1070905118299,16.991071383113166],[-98.11366383468261,16.981290896245635],[-98.10338127584542,16.96136049432599],[-98.10688760292199,16.944113178289985],[-98.08698626898511,16.91179874688719],[-98.0803531956702,16.879421289213894],[-98.07275887134537,16.874158538264798],[-98.08591967535976,16.814912317658237],[-98.09232186942381,16.812630981439305],[-98.10700301041537,16.760452110517427]]]}},{"type":"Feature","properties":{"clave":"17","tipo":"local","nombre":"Distrito local 17","entidad":"12"},"geometry":{"type":"Polygon","coordinates":[[[-101.28444142776941,18.544724877907257],[-101.27077380377895,18.534829035894088],[-101.25794390683235,18.539822001047053],[-101.24098751524903,18.5334301930432],[-101.21167015577882,18.536192692306344],[-101.19267481189429,18.518081513414156],[-101.16601875358687,18.520919809724163],[-101.14570822363248,18.51055764623258],[-101.13195282721156,18.518099306826997],[-101.12136106576995,18.50934816549829],[-101.08822195008045,18.505736259774164],[-101.03912104380656,18.52564522932634],[-101.02021913267728,18.521362664104043],[-101.01148132268902,18.52749789408513],[-101.00531201211857,18.49145618534801],[-100.98759411565449,18.49086166306203],[-100.96608136640936,18.47404152143786],[-100.96238047597856,18.464011361938994],[-100.96781465318396,18.448590269960995],[-100.95920044141127,18.443915808426755],[-100.94329040285076,18.455096608647466],[-100.92241111013777,18.443706026489743],[-100.91434190958934,18.471840386862574],[-100.893726234833,18.46226165808726],[-100.87537191884971,18.492773223011962],[-100.85395309626126,18.476154943379445],[-100.8257295505014,18.47321869538013],[-100.79847362490558,18.480784527100713],[-100.77819440755255,18.439737102865735],[-100.75961759256118,18.43463493298937],[-100.75114520737382,18.425570291778488],[-100.7385856934529,18.428001864231987],[-100.72373808506231,18.402733629960036],[-100.71356992480418,18.401768161311562],[-100.70663432755103,18.41867514764825],[-100.68983075716334,18.411467200189403],[-100.68557225300873,18.383314093708808],[-100.70033013060812,18.376462600605702],[-100.70722098539188,18.351071248625434],[-100.68526378747165,18.31488880169918],[-100.67506835614249,18.32105683447954],[-100.67476388498153,18.332724713545925],[-100.66510614412454,18.344392197106373],[-100.65759960433293,18.345319062687942],[-100.65064770380661,18.337380345740513],[-100.65356123440661,18.328473062008484],[-100.63779692348467,18.32742311118492],[-100.62558599440482,18.300996322655656],[-100.61767559948227,18.300284197847567],[-100.62051730920047,18.286661213167243],[-100.60843414484755,18.280745541921593],[-100.60783731981874,18.27421847849238],[-100.5942734699023,18.273941729596974],[-100.58373733801298,18.282115591435577],[-100.57623002907862,18.266598805368353],[-100.55370674315276,18.258874242906792],[-100.55495211561639,18.247358395713075],[-100.54694182116268,18.236090892210765],[-100.5339435623528,18.235657391167145],[-100.54124486753484,18.20820054327681],[-100.52941715521676,18.208420922898476],[-100.52499789082518,18.198432605640225],[-100.51953665925751,18.197702047128416],[-100.50183276740817,18.23481917846471],[-100.49264084912461,18.242208987389706],[-100.48295011928803,18.243464176690136],[-100.47397808925984,18.236930883409837],[-100.47688201470851,18.230807143930004],[-100.46839695857473,18.233639909785847],[-100.45201037695234,18.221073602943605],[-100.42887422024425,18.241343740553994],[-100.39710112352228,18.227353048899353],[-100.38764822243351,18.241284551633825],[-100.36640405513131,18.247506640125643],[-100.32435859325001,18.23717674313582],[-100.32154914871631,18.20469438475895],[-100.28218579145428,18.178879541247955],[-100.29596300316122,18.141158258296333],[-100.25602685284596,18.099778296692506],[-100.24834501270904,18.10254104364636],[-100.24303193297162,18.08890093376987],[-100.18054497343533,18.067520171330575],[-100.16830668289862,18.104782064437394],[-100.15601837908048,18.104099022240483],[-100.13975562251152,18.084787429122013],[-100.1162315277404,18.096329153165186],[-100.1083205488455,18.09362168746106],[-100.10623580667979,18.0375893326994],[-100.08622404343346,18.03659659840895],[-100.07930015250231,18.007282319952765],[-100.09595273652928,17.984144619042407],[-100.1157982061448,17.97826949359582],[-100.11032004660059,17.96697901759759],[-100.14884470346446,17.965620463406832],[-100.1402192127869,17.941228452676135],[-100.17739263362145,17.90986422368999],[-100.17438918541107,17.884148171537348],[-100.15962073970033,17.86807814413453],[-100.14446955194072,17.86768459568205],[-100.1284100322924,17.849811813295954],[-100.13519965216986,17.83854614201858],[-100.1470784530183,17.8396923729246],[-100.15677923755524,17.830574125475003],[-100.1582386026589,17.82095883062175],[-100.14952788569317,17.812570830805267],[-100.15174475171139,17.792606451876114],[-100.13975685142691,17.76607226168747],[-100.15670307470845,17.69425585175705],[-100.14501977175252,17.687660972210622],[-100.14028194826274,17.673021266305344],[-100.1556664083091,17.667704957174934],[-100.14771610816973,17.64787344532284],[-100.17544953604559,17.603609230616566],[-100.18483194932803,17.597045944889107],[-100.20053033203206,17.601156717531847],[-100.21474124577678,17.58720961733189],[-100.22654807876907,17.58920391298726],[-100.2124342993289,17.573639638614736],[-100.21502763918625,17.563736323074824],[-100.22932053994535,17.56406574639436],[-100.20803373294704,17.545708783216668],[-100.2134028043104,17.523968321921],[-100.22643404147712,17.51871686894041],[-100.22701894868844,17.509115084947087],[-100.2855547894262,17.512642070457126],[-100.36332809498364,17.549255634777193],[-100.37413947729294,17.544631881167874],[-100.38848885148049,17.552593668350603],[-100.39494560469845,17.549099474461876],[-100.42187466026897,17.564793333267797],[-100.44331023997326,17.55887588303325],[-100.46278921569781,17.57109167352713],[-100.45902334290524,17.599030240571917],[-100.4812204670399,17.630650967893104],[-100.48737013555244,17.623139925081613],[-100.48148925594143,17.614413231366175],[-100.49112928475898,17.583814971740164],[-100.50776259707685,17.589621708423195],[-100.54936490759019,17.587653617476803],[-100.57429294973278,17.61126408189898],[-100.57475417489171,17.625276593794663],[-100.598452714603,17.63580073386657],[-100.59807941842793,17.64685922343222],[-100.6095786954399,17.655373644183168],[-100.63181583271964,17.654705082750734],[-100.63558214165965,17.64976309050174],[-100.67965759816738,17.656377973206975],[-100.7457825154689,17.687816835110446],[-100.77079429176318,17.666802848706233],[-100.8009405714018,17.676923485966896],[-100.82347224493479,17.671151272424375],[-100.8398005150017,17.677505832343037],[-100.85131062317545,17.67366164392552],[-100.87198031100972,17.687870072224527],[-100.85246410112381,17.698620599657406],[-100.86145201941483,17.700021489484087],[-100.85679642387373,17.706627815615704],[-100.87026336254475,17.70707790049452],[-100.87743249922713,17.71683222544693],[-100.8743129274831,17.72156701614856],[-100.89282550013382,17.720068732098383],[-100.90034196278063,17.729859981515816],[-100.90366557674054,17.72248148563813],[-100.91815138631434,17.72110236444024],[-100.94538298694926,17.73449495590995],[-100.94373280079337,17.742187609951635],[-100.95167753441626,17.74838179430601],[-100.94754240859616,17.760803997604476],[-100.99706192590385,17.797489141484128],[-101.01323728227148,17.77528577111491],[-101.00998574151897,17.750062552190983],[-101.05991198515652,17.7590772562619],[-101.10993235259158,17.72930610734669],[-101.102680662892,17.70813545274573],[-101.11132748848082,17.687220713790687],[-101.12158090506499,17.704524977374497],[-101.13415752660762,17.7919560607014],[-101.15215867858484,17.84788027197313],[-101.14452116607231,17.9015272487834],[-101.17860051391834,17.920832040787705],[-101.18372002472371,17.94766992397902],[-101.20501314748594,17.959877602032844],[-101.18987556970679,17.976539074396214],[-101.18943860373005,17.99318012207458],[-101.24016599984837,18.017980255542547],[-101.24083050622593,18.039343201522453],[-101.24796388597909,18.045627122479534],[-101.27605410270772,18.045352211545076],[-101.28473253647542,18.033273265315263],[-101.30805808062709,18.045698600506622],[-101.31492271137911,18.060402254343032],[-101.30802662957531,18.082953479909467],[-101.3145334130342,18.12862952804789],[-101.31141998025322,18.15824753453183],[-101.30252088856219,18.17214123289681],[-101.31811052949848,18.176345624385284],[-101.33654197837505,18.158151121203836],[-101.34757165940576,18.162148292698642],[-101.4092669363793,18.141864941136586],[-101.42980876627075,18.15998286494422],[-101.423918950203,18.189743907334197],[-101.44091040197607,18.218924715423256],[-101.4584172176882,18.225383440309447],[-101.46015518784824,18.248766226674807],[-101.48165736532209,18.258105204687975],[-101.4640115879348,18.26542419491527],[-101.4759869732638,18.294074476513707],[-101.4554420903886,18.319378025613027],[-101.4782712240959,18.344922900510046],[-101.53166248117077,18.45691101709178],[-101.51911252637102,18.462748768810062],[-101.51860199562047,18.469562278208574],[-101.49686742215235,18.4884738193782],[-101.46727996703008,18.485827381754294],[-101.45799482669324,18.496646254186967],[-101.44240018864828,18.48779754024992],[-101.4327062559059,18.501715003674423],[-101.41683223904634,18.49662191219772],[-101.4073413261169,18.51235043547507],[-101.39489696963118,18.505061444172835],[-101.37850032290734,18.5096665385076],[-101.36708309916445,18.498235890315083],[-101.3637294063208,18.519774871505266],[-101.29985950691061,18.533006211954213],[-101.28444142776941,18.544724877907257]]]}},{"type":"Feature","properties":{"clave":"18","tipo":"local","nombre":"Distrito local 18","entidad":"12"},"geometry":{"type":"Polygon","coordinates":[[[-100.4294337054081,18.78515184271121],[-100.43405990590895,18.75083950527205],[-100.46630602574957,18.684901180109698],[-100.4767818270919,18.684592405412168],[-100.4830427273856,18.66392666170612],[-100.47153041806156,18.647340026367008],[-100.48520551390314,18.637968985432373],[-100.46841193473901,18.617783783450353],[-100.4516188417504,18.623497817435535],[-100.43714132781767,18.616970049657805],[-100.4287885881298,18.593763801929285],[-100.43923111483711,18.584897699272837],[-100.43857448849704,18.56992788728677],[-100.44587881902379,18.56309743118746],[-100.42712507615317,18.509800771179574],[-100.40693898434793,18.516853632177728],[-100.38888677105322,18.509686532564288],[-100.38793382710323,18.50282918900188],[-100.37172969130891,18.509056053543848],[-100.37183740346543,18.499248783379212],[-100.36358644885586,18.495081252291378],[-100.3670239468735,18.474519653569],[-100.39856744011352,18.444532466240965],[-100.38745372616783,18.419331916497118],[-100.32817916145997,18.397002625895706],[-100.30713424639336,18.36798100005972],[-100.29265721495308,18.37468181701631],[-100.29200539602473,18.381135807007063],[-100.26814574580368,18.37805021502437],[-100.25825188931233,18.392366306864684],[-100.25614508745043,18.415166052084952],[-100.23558856334215,18.41500736221663],[-100.22855072963529,18.421366664428106],[-100.18037152474162,18.374585366921963],[-100.1710588463243,18.377177735317904],[-100.1421948221632,18.367613321320466],[-100.13656014967557,18.37616873404649],[-100.12378331912262,18.377511391778352],[-100.11889300185742,18.354703086733462],[-100.08923933443415,18.341570227555145],[-100.0941882479964,18.32352590469796],[-100.07537496092023,18.318858284890652],[-100.07439766237589,18.30797329635697],[-100.08320207623578,18.303197747734487],[-100.08267824955635,18.296270031027525],[-100.06828668616598,18.27947607327969],[-100.07179211325706,18.256553132094687],[-100.06139914697751,18.253606255078004],[-100.07528536387117,18.229869212232934],[-100.0839167937251,18.230348212661283],[-100.07922108211667,18.22551767087861],[-100.08900911582059,18.219719254280122],[-100.09275322389631,18.204318874425404],[-100.07427482805772,18.173941704215395],[-100.08264137337791,18.146116680360297],[-100.07188862048446,18.126776749542497],[-100.0900726769383,18.129691381602477],[-100.09332204045326,18.10675547296782],[-100.10254533056715,18.118940330591766],[-100.10940108354418,18.116894100792887],[-100.11358094856291,18.096352811555878],[-100.122315593679,18.089182302570567],[-100.13975562251152,18.084787429122013],[-100.15601837908048,18.104099022240483],[-100.16830668289862,18.104782064437394],[-100.18054497343533,18.067520171330575],[-100.24303193297162,18.08890093376987],[-100.24834501270904,18.10254104364636],[-100.25602685284596,18.099778296692506],[-100.29596300316122,18.141158258296333],[-100.28218579145428,18.178879541247955],[-100.32154914871631,18.20469438475895],[-100.32435859325001,18.23717674313582],[-100.36640405513131,18.247506640125643],[-100.38764822243351,18.241284551633825],[-100.39710112352228,18.227353048899353],[-100.42887422024425,18.241343740553994],[-100.45201037695234,18.221073602943605],[-100.46839695857473,18.233639909785847],[-100.47688201470851,18.230807143930004],[-100.47397808925984,18.236930883409837],[-100.48295011928803,18.243464176690136],[-100.49264084912461,18.242208987389706],[-100.50183276740817,18.23481917846471],[-100.51953665925751,18.197702047128416],[-100.52499789082518,18.198432605640225],[-100.52941715521676,18.208420922898476],[-100.54124486753484,18.20820054327681],[-100.5339435623528,18.235657391167145],[-100.54694182116268,18.236090892210765],[-100.55495211561639,18.247358395713075],[-100.55370674315276,18.258874242906792],[-100.57623002907862,18.266598805368353],[-100.58373733801298,18.282115591435577],[-100.5942734699023,18.273941729596974],[-100.60783731981874,18.27421847849238],[-100.60843414484755,18.280745541921593],[-100.62051730920047,18.286661213167243],[-100.61767559948227,18.300284197847535],[-100.6255859944048,18.300996322655656],[-100.63779692348467,18.32742311118492],[-100.65356123440661,18.328473062008534],[-100.65064770380661,18.337380345740513],[-100.65759960433293,18.345319062687942],[-100.66510614412454,18.344392197106373],[-100.67476388498153,18.332724713545925],[-100.67506835614249,18.32105683447954],[-100.68526378747165,18.31488880169918],[-100.70674608795677,18.347639714531567],[-100.70033013060812,18.376462600605702],[-100.68460575581673,18.38745545768838],[-100.67535292806394,18.3839388725996],[-100.67553656619516,18.370864985702084],[-100.64467669691473,18.3471280638239],[-100.64005663340501,18.363778903632674],[-100.62612102982918,18.375297364453814],[-100.6105930742573,18.3772232403923],[-100.58663003324571,18.408929802016175],[-100.58969148299732,18.41531160955305],[-100.64839612909927,18.42992152765105],[-100.64472647913128,18.446176502212882],[-100.64932493452491,18.46321563975946],[-100.69579781971363,18.489700511563363],[-100.70690923873927,18.483275439999307],[-100.7357538674213,18.484688215523388],[-100.74263625403138,18.49968244097341],[-100.7435167760488,18.520500466087395],[-100.76408969429494,18.56261279043381],[-100.75725837126568,18.610481929935442],[-100.7303010472327,18.637033837065605],[-100.7597333239635,18.646876439417024],[-100.76369072275243,18.66836014248806],[-100.75522025802017,18.681619494441794],[-100.76745329834291,18.704055154336807],[-100.76147268643292,18.715993299290247],[-100.78443015167223,18.766404538718845],[-100.79360717034899,18.842670572089325],[-100.78743776657781,18.857729140713662],[-100.74912344858035,18.869066729619412],[-100.74682471162052,18.858353138237774],[-100.73714507728104,18.86140782392701],[-100.73640937070965,18.85103815032802],[-100.72169998710768,18.8484306443465],[-100.70874952627027,18.83462683010647],[-100.71117914623609,18.825538839434817],[-100.69881016609096,18.82231075085257],[-100.70693583420335,18.81330833705235],[-100.70609573776883,18.798104603617485],[-100.69677614688815,18.795185337024492],[-100.6910059835174,18.806737107291188],[-100.68350014307482,18.803500946979298],[-100.67960604589857,18.818370070402572],[-100.66619172639717,18.820864596363187],[-100.67156400468006,18.82618132077118],[-100.66545906430946,18.83450838506717],[-100.6498962144979,18.840459448081432],[-100.65281777585211,18.846446101836687],[-100.64263575253952,18.8503659144797],[-100.63959131597679,18.866962921396905],[-100.62113636973112,18.867969576463675],[-100.61143087933948,18.888198730111277],[-100.58721015903643,18.85990836577674],[-100.5675670172379,18.848976620709603],[-100.55363191928852,18.85242478378649],[-100.53766200371541,18.845006101398795],[-100.4895876679795,18.81323205259638],[-100.47810148726751,18.797116367574635],[-100.45882572768922,18.79724568269172],[-100.45715382674642,18.779065687538885],[-100.4512604365979,18.783223233377644],[-100.44239547625398,18.777095409279386],[-100.4294337054081,18.78515184271121]]]}},{"type":"Feature","properties":{"clave":"19","tipo":"local","nombre":"Distrito local 19","entidad":"12"},"geometry":{"type":"Polygon","coordinates":[[[-100.02417691461974,18.050275766545518],[-100.01663772859358,18.038860436169088],[-100.0243366707245,18.03159075634572],[-100.02142339643902,18.008248900044553],[-100.03995835702423,18.000892081617057],[-100.04766574385305,17.981690417203357],[-100.06379090486426,17.978079393748686],[-100.0621996729019,17.969309817359388],[-100.05024673264751,17.963690039171173],[-100.03708229569882,17.972578857472914],[-100.03298412813982,17.955957853447007],[-100.02401650601932,17.962119338743424],[-100.01844112414301,17.950771030507966],[-99.99520900441816,17.964998022632386],[-99.99172103898688,17.956698228044132],[-99.99970387165673,17.948888797458412],[-99.98139323971775,17.953505654502063],[-99.97704643031486,17.96302630739837],[-99.96938541102057,17.96436959252922],[-99.96348146119543,17.957082062275248],[-99.95296202207771,17.965323650897922],[-99.94687019338552,17.95335560442685],[-99.9317633463669,17.951273583372082],[-99.93467516506927,17.942841759645955],[-99.91466460861669,17.9388064971153],[-99.90835938689563,17.949748809280337],[-99.8899490539637,17.960489352095937],[-99.90098024717155,17.967824563663406],[-99.88573310160083,17.971084446959047],[-99.88615713933315,17.957563712076713],[-99.86214739194342,17.93277203955562],[-99.86066157638776,17.911983823204157],[-99.82603491667854,17.900676564485448],[-99.81246118755482,17.928496181949832],[-99.8202133935038,17.93254226181089],[-99.8089813953933,17.948044966003202],[-99.80944348231306,17.958119312868398],[-99.80031109657185,17.964290188456275],[-99.80028281219636,17.97749957627258],[-99.7922863644749,17.983513389096004],[-99.800696692431,17.989085933844045],[-99.80070720753466,18.000217755277124],[-99.78509961501912,17.994491476169124],[-99.767835248229,18.004326284396356],[-99.74248456870176,17.976512765485673],[-99.72279809319308,17.97972568525233],[-99.68658123313944,17.95932573293097],[-99.66677957843108,17.95860163604082],[-99.6359834776617,17.944849175324613],[-99.62914833283392,17.949195492828874],[-99.61811412427802,17.92891239627636],[-99.61045499851345,17.937884806409947],[-99.58717941888129,17.93808302732269],[-99.57382352885936,17.921305724267402],[-99.56247061321706,17.927137915727155],[-99.56111466121946,17.945919341038767],[-99.54494023450644,17.952163658870774],[-99.54269814152639,17.960446265631205],[-99.51968911433809,17.972552301054883],[-99.4895047665862,17.97812840686328],[-99.49087791673364,17.991004502027252],[-99.48217456786017,18.007339692395394],[-99.48896776572302,18.020328256345593],[-99.4862693927459,18.03925930609805],[-99.45093854699704,18.044343829124266],[-99.44484762807346,17.983273177861687],[-99.5207013272111,17.928230930753863],[-99.53172593313916,17.92673516613995],[-99.52549135645836,17.914560249030686],[-99.53045348821452,17.885665557347988],[-99.52189232077637,17.875230387466697],[-99.52795508582071,17.855419543526796],[-99.45265917465012,17.851918679007312],[-99.44364354801502,17.84537947677536],[-99.43941755956934,17.832337552310467],[-99.42526290645468,17.824192598988066],[-99.40400376459856,17.73924199466069],[-99.39039334269573,17.713744827651837],[-99.4331540070466,17.691914207984897],[-99.45057748712735,17.661267372742895],[-99.44967047905384,17.609175714349636],[-99.4545804722658,17.595054634248562],[-99.55825203950802,17.608278779914826],[-99.55251477064508,17.591303005213955],[-99.5609309022057,17.574492386250064],[-99.57497187884049,17.57035067790306],[-99.6043069667368,17.57672119200608],[-99.63032709847197,17.547977760905166],[-99.64884328920962,17.559893942060306],[-99.66782836660913,17.55458391801985],[-99.71338486224775,17.56705576108437],[-99.7297224376717,17.56165919170072],[-99.73800533970513,17.5257131955675],[-99.77745467997163,17.506295479310683],[-99.79538816938097,17.47977621985009],[-99.80952994010357,17.47296836210602],[-99.82896250087678,17.471203468786246],[-99.84796308395156,17.51630535894989],[-99.87190340200894,17.538791183704152],[-99.91261654350104,17.531020415463928],[-99.91766713220501,17.520495043290822],[-100.01859663351648,17.46178212145285],[-100.03294318922404,17.47716834360732],[-100.06556577239488,17.461949006458685],[-100.12014501581243,17.452070701326896],[-100.13683129788127,17.468087817671265],[-100.17639853943743,17.468122816648194],[-100.19511671020702,17.511203825013805],[-100.22701894868844,17.509115084947087],[-100.22643404147712,17.51871686894041],[-100.2134028043104,17.523968321921],[-100.20803373294704,17.545708783216668],[-100.2293397340427,17.564934517733274],[-100.21502763918625,17.563736323074824],[-100.2124342993289,17.573639638614736],[-100.22654807876907,17.58920391298726],[-100.21474124577678,17.58720961733189],[-100.20053033203206,17.601156717531847],[-100.18483194932803,17.597045944889107],[-100.1747210019323,17.604410309629156],[-100.14771610816973,17.64787344532284],[-100.1556664083091,17.667704957174934],[-100.14215588095516,17.669424320961127],[-100.13920767890518,17.67908555703138],[-100.15670307470845,17.69425585175705],[-100.13975685142691,17.76607226168747],[-100.15174475171139,17.792606451876114],[-100.14952788569317,17.812570830805267],[-100.1582386026589,17.82095883062175],[-100.15677923755524,17.830574125475003],[-100.1470784530183,17.8396923729246],[-100.13519965216986,17.83854614201858],[-100.1284100322924,17.849811813295954],[-100.14446955194072,17.86768459568205],[-100.15962073970033,17.86807814413453],[-100.17438918541107,17.884148171537348],[-100.17739263362145,17.90986422368999],[-100.1402192127869,17.941228452676135],[-100.14884470346446,17.965620463406832],[-100.11335103752342,17.965528291935367],[-100.11579820614477,17.978269493595807],[-100.09595273652928,17.984144619042407],[-100.09191424865828,17.991233614056657],[-100.0656672015648,17.98601806636378],[-100.05339067801148,18.00099054313498],[-100.06309941067293,18.03575156351277],[-100.05210114132836,18.039445416701476],[-100.04781320756857,18.048759892057387],[-100.02417691461974,18.050275766545518]]]}},{"type":"Feature","properties":{"clave":"20","tipo":"local","nombre":"Distrito local 20","entidad":"12"},"geometry":{"type":"Polygon","coordinates":[[[-99.83536340204286,18.643674000018514],[-99.81193204731225,18.62728828221718],[-99.79651196877643,18.627971299735208],[-99.78218634767157,18.641488241271013],[-99.77184328784988,18.639093934910065],[-99.76967755517057,18.610991623692424],[-99.75414972943784,18.581967327517166],[-99.76174950505823,18.551866194321192],[-99.75309906556235,18.544625138967227],[-99.75336275052383,18.527647408127862],[-99.71940104577473,18.509606753842686],[-99.72664692117726,18.489487396111414],[-99.69627475909857,18.47059546413797],[-99.6837761784694,18.45421941488871],[-99.69956897354365,18.44532100670103],[-99.70481146553314,18.42931166708536],[-99.69479638130224,18.412261137066466],[-99.68237727798672,18.41269551024345],[-99.67031705545287,18.402775626352323],[-99.67676811002791,18.385394636474505],[-99.68122095059799,18.386532144089447],[-99.67728439335838,18.371520801647954],[-99.65209051624774,18.36895120739654],[-99.63753570605371,18.357591769378402],[-99.65565145810785,18.33676835910901],[-99.61865943970025,18.303662662340336],[-99.62170302760543,18.28373748465475],[-99.63636378246393,18.27837550913744],[-99.64217968591795,18.262214664673905],[-99.65823720446484,18.256843133107328],[-99.64819790142754,18.23998722912375],[-99.63131911790407,18.2544741918959],[-99.59691260232299,18.25497882144337],[-99.5822572383438,18.26802788863369],[-99.57019056544101,18.267724592612456],[-99.58189319084921,18.23933420864434],[-99.60821245568721,18.235062182414957],[-99.64545279032076,18.21118560922986],[-99.65817245865992,18.17502541928871],[-99.6540152906162,18.149353490482497],[-99.66502459083146,18.13964561857567],[-99.66582041237635,18.128565811019758],[-99.68184833424422,18.120596993388407],[-99.70610678580483,18.14434232773966],[-99.71014164580478,18.14161556474103],[-99.70575080655378,18.13677613982664],[-99.71609047754262,18.103870944348966],[-99.69351244749745,18.08298037555912],[-99.69840453648636,18.074879568665942],[-99.69498724499105,18.022316055823026],[-99.66871722795163,18.011425884030967],[-99.66094393256003,17.99744251216803],[-99.63002364695629,17.975563738388306],[-99.62914833283392,17.949195492828906],[-99.6359834776617,17.944849175324613],[-99.66677957843108,17.95860163604082],[-99.68658123313944,17.95932573293097],[-99.72279809319309,17.97972568525233],[-99.74248456870176,17.976512765485637],[-99.767835248229,18.004326284396356],[-99.78509961501912,17.99449147616907],[-99.80070720753466,18.000217755277077],[-99.80069669243099,17.989085933844045],[-99.79228636447492,17.983513389096004],[-99.80028281219636,17.97749957627258],[-99.80031109657185,17.964290188456275],[-99.80944348231306,17.958119312868398],[-99.8089813953933,17.948044966003202],[-99.8202133935038,17.93254226181089],[-99.81246118755482,17.928496181949832],[-99.82603491667854,17.900676564485448],[-99.86066157638776,17.911983823204157],[-99.86214739194342,17.93277203955562],[-99.88615713933315,17.957563712076713],[-99.88573310160083,17.97108444695909],[-99.90098024717155,17.967824563663406],[-99.8899490539637,17.960489352095937],[-99.90835938689563,17.949748809280337],[-99.91466460861669,17.938806497115348],[-99.93467516506927,17.942841759645955],[-99.9317633463669,17.951273583372082],[-99.94687019338552,17.95335560442685],[-99.95296202207771,17.965323650897922],[-99.96348146119543,17.957082062275248],[-99.96938541102057,17.96436959252922],[-99.97704643031484,17.963026307398437],[-99.98139323971776,17.953505654502063],[-99.99970387165673,17.948888797458412],[-99.99172103898688,17.956698228044132],[-99.99520900441816,17.964998022632386],[-100.01844112414301,17.950771030507966],[-100.02401650601932,17.962119338743424],[-100.03298412813982,17.955957853447007],[-100.03708229569882,17.972578857472914],[-100.05024673264751,17.963690039171173],[-100.0621996729019,17.969309817359388],[-100.06379090486426,17.978079393748686],[-100.04766574385305,17.981690417203357],[-100.03995835702423,18.000892081617057],[-100.02142339643902,18.008248900044553],[-100.0243366707245,18.03159075634572],[-100.01663772859358,18.038860436169088],[-100.02417691461974,18.050275766545518],[-100.04781320756857,18.048759892057387],[-100.05210114132836,18.039445416701476],[-100.06309941067295,18.035751563512694],[-100.05328747911392,18.004056995589103],[-100.0569878820965,17.992261569142542],[-100.06566720156479,17.986018066363766],[-100.08914129400256,17.98930437243318],[-100.07930015250231,18.007282319952765],[-100.08005289320661,18.02214835363547],[-100.08687523361975,18.02677305068141],[-100.08622404343346,18.03659659840895],[-100.10623580667979,18.037589332699348],[-100.10378061237017,18.07041972911385],[-100.11575066456162,18.104578247334977],[-100.10254533056715,18.118940330591766],[-100.09332204045326,18.10675547296782],[-100.08800044797304,18.130785752620483],[-100.07188862048446,18.126776749542497],[-100.08264137337791,18.146116680360297],[-100.07427482805772,18.173941704215395],[-100.09275322389631,18.204318874425404],[-100.08900911582059,18.219719254280122],[-100.07922108211667,18.22551767087861],[-100.0839167937251,18.230348212661283],[-100.07528536387117,18.229869212232934],[-100.06139914697751,18.253606255078004],[-100.07179211325706,18.256553132094687],[-100.06828668616598,18.27947607327969],[-100.08267824955635,18.296270031027525],[-100.08320207623578,18.303197747734487],[-100.07439766237589,18.30797329635697],[-100.07537496092023,18.318858284890712],[-100.0941882479964,18.32352590469796],[-100.08923933443415,18.341570227555145],[-100.11889300185742,18.354703086733462],[-100.12378331912262,18.377511391778352],[-100.13656014967557,18.37616873404649],[-100.1421948221632,18.367613321320466],[-100.1710588463243,18.377177735317904],[-100.18037152474162,18.374585366921963],[-100.19447515040893,18.39260532175918],[-100.2055105630919,18.3938622226843],[-100.20969215105677,18.406529244876015],[-100.23023444269653,18.425301730607035],[-100.21681155425294,18.44534521921876],[-100.20782372502482,18.44929747222933],[-100.20816593637984,18.441354041593176],[-100.19902683285905,18.45663468080109],[-100.18505927234803,18.455111080293975],[-100.1820013897276,18.467031288992942],[-100.17145556916368,18.47049271267601],[-100.17349753029481,18.481099918626846],[-100.16631602987916,18.47824090418114],[-100.16588519073058,18.48567613210157],[-100.15660467861127,18.485972299117527],[-100.15809133431502,18.491302450183138],[-100.14473726735294,18.487167395294225],[-100.14169586050592,18.50195131469211],[-100.11846433152485,18.505588091345032],[-100.12165356810118,18.51077124542012],[-100.11734220110044,18.509010695299878],[-100.09842709458201,18.530907989691652],[-100.0884650342824,18.52764129294284],[-100.08582535635061,18.54456025731006],[-100.07668037510334,18.55266897273289],[-100.08605790052039,18.55490170115515],[-100.08581550713077,18.56227838842972],[-100.06046076460348,18.58747294834296],[-100.06661946424322,18.601676884632653],[-100.00660602876715,18.59981150010812],[-99.99151342045144,18.5861853245076],[-99.994233375193,18.576610634762407],[-99.97488576469883,18.568720628800918],[-99.97542691351127,18.559884774942198],[-99.96114016249074,18.558049480991443],[-99.946290097421,18.588949721266154],[-99.90695892152766,18.60152635655585],[-99.88860820367589,18.61859698029691],[-99.84785074875862,18.605730711502225],[-99.84911023409165,18.61854997077089],[-99.83536340204286,18.643674000018514]]]}},{"type":"Feature","properties":{"clave":"21","tipo":"local","nombre":"Distrito local 21","entidad":"12"},"geometry":{"type":"Polygon","coordinates":[[[-99.69588243445986,18.784520741415466],[-99.66081221580508,18.77004211699065],[-99.64302032196294,18.73795369265074],[-99.63584558512892,18.746003730667784],[-99.62490557513922,18.73928842832824],[-99.58028704405838,18.73571215859841],[-99.58183425615033,18.720795324118228],[-99.55548847335685,18.69952627202103],[-99.53305945571644,18.6957092685357],[-99.52469477516846,18.70737698246246],[-99.49441843224781,18.721331022854955],[-99.4598451265734,18.636027358810157],[-99.45356873781813,18.606232260045164],[-99.44148134674808,18.6092044425493],[-99.42304193847517,18.591023647138613],[-99.43693419732801,18.577461865341117],[-99.4837610359052,18.56666940173048],[-99.5025694922849,18.536228024471054],[-99.48243504918663,18.5076267282074],[-99.48211056623686,18.490111396613152],[-99.52271751695642,18.414477922109796],[-99.5327152068171,18.41763390808742],[-99.54253364585558,18.405781126025442],[-99.55536452069447,18.413156717327755],[-99.5797991175959,18.40123690051145],[-99.57060537573237,18.389195303593404],[-99.6147120268189,18.34905494169156],[-99.63319223268218,18.345515742286565],[-99.64468114269376,18.365094139502176],[-99.67728439335838,18.371520801647954],[-99.68122095059799,18.386532144089447],[-99.67676811002791,18.385394636474505],[-99.67031705545287,18.402775626352323],[-99.68237727798672,18.41269551024345],[-99.69479638130224,18.412261137066466],[-99.70481146553314,18.42931166708533],[-99.69956897354365,18.44532100670103],[-99.6837761784694,18.454219414888673],[-99.69627475909857,18.47059546413802],[-99.72664692117726,18.48948739611136],[-99.71940104577473,18.509606753842636],[-99.75336275052383,18.527647408127862],[-99.75309906556235,18.544625138967227],[-99.76174950505823,18.551866194321192],[-99.756747844419,18.592843047589255],[-99.76787073749425,18.605186756386225],[-99.77184328784988,18.639093934910065],[-99.78394289216638,18.64470246739332],[-99.78318398319409,18.663805296491482],[-99.75495229860456,18.700526587572305],[-99.75660442851789,18.713180542653763],[-99.7387330118445,18.727552963208673],[-99.7378925035992,18.739110571295868],[-99.70460379580749,18.735062044096757],[-99.67939716332751,18.71193721233826],[-99.67201717022725,18.714767999910432],[-99.70182972227727,18.759927792233825],[-99.70337002727223,18.77582156458262],[-99.69588243445986,18.784520741415466]]]}},{"type":"Feature","properties":{"clave":"22","tipo":"local","nombre":"Distrito local 22","entidad":"12"},"geometry":{"type":"Polygon","coordinates":[[[-99.52780399535987,18.419074246057725],[-99.51428008017409,18.4104140925988],[-99.52519530886677,18.392527464699196],[-99.52397881868191,18.382065581750926],[-99.50784853949379,18.375908391968842],[-99.51572727923887,18.353292821822457],[-99.50620073796675,18.331503061390844],[-99.4974597352165,18.331376643910858],[-99.51140489629229,18.295789265892484],[-99.5331354145568,18.298437860743093],[-99.54127113625641,18.282200300781128],[-99.55027814866753,18.281426524059686],[-99.56974411050851,18.295755794707166],[-99.56932996800339,18.277646319853318],[-99.5909103869527,18.257535828938643],[-99.63131911790407,18.2544741918959],[-99.64819790142754,18.23998722912375],[-99.65823720446484,18.256843133107328],[-99.64217968591795,18.262214664673905],[-99.63636378246393,18.27837550913744],[-99.62170302760543,18.28373748465475],[-99.61865943970025,18.303662662340336],[-99.62969380525021,18.30912995629527],[-99.6338050392518,18.321205950043815],[-99.65518652113877,18.341104261216465],[-99.63753570605371,18.357591769378402],[-99.63469413859995,18.345682372097453],[-99.6147120268189,18.34905494169156],[-99.57060537573237,18.389195303593404],[-99.5797991175959,18.40123690051145],[-99.55536452069447,18.413156717327755],[-99.54253364585558,18.405781126025442],[-99.52780399535987,18.419074246057725]]]}},{"type":"Feature","properties":{"clave":"23","tipo":"local","nombre":"Distrito local 23","entidad":"12"},"geometry":{"type":"Polygon","coordinates":[[[-99.43693419732801,18.577461865341117],[-99.43809532558727,18.568205147534613],[-99.40689733052879,18.55460778368429],[-99.38967049627004,18.523203622916924],[-99.3793236936628,18.51810876030075],[-99.38317366243844,18.505311575433073],[-99.37488482828597,18.481551558845442],[-99.36153848248881,18.47552137289288],[-99.35566719921243,18.482199835321587],[-99.32644395722461,18.471388705126778],[-99.3270588122779,18.45250322930719],[-99.2456328634126,18.44355568155829],[-99.24511779741287,18.448708586878226],[-99.2036446502038,18.448774970999896],[-99.18268648861962,18.432186802818205],[-99.18096081712233,18.443976249120617],[-99.17501233344873,18.44408169674976],[-99.17428803650034,18.453637956734713],[-99.16369196570268,18.462830435733263],[-99.13840007994635,18.470028489245372],[-99.13581872633101,18.44986682639667],[-99.12443283781968,18.441580034629336],[-99.12822594691777,18.427082187169997],[-99.11053348611323,18.419391054092003],[-99.09889510872576,18.401196734135766],[-99.09095219773187,18.401628511753824],[-99.07856672252764,18.38653793248503],[-99.08124049820943,18.372949197436288],[-99.07352818790906,18.377054567436],[-99.06608895061673,18.367086998208695],[-99.07590271006258,18.34373443575514],[-99.06459865468476,18.332711305276558],[-99.06900461972855,18.326676445950422],[-99.06020021038397,18.315453195259614],[-99.06339594846375,18.30880725873761],[-99.05044534074845,18.289839451062956],[-99.05805172913885,18.282236294235673],[-99.00800284189684,18.262036297026256],[-98.9958844249919,18.263670911131126],[-98.98737113850268,18.253027063314573],[-98.98820201236103,18.23488059999039],[-98.96568719161873,18.21232649230656],[-98.9678121420673,18.202354802370788],[-98.95444390761446,18.205888205595702],[-98.93100343280042,18.23358309518153],[-98.9111685035153,18.2158593461877],[-98.87633166792135,18.203418641789654],[-98.86637277921746,18.19079445322134],[-98.84103542436556,18.18362082486389],[-98.8151313377692,18.18646631920041],[-98.8211604993146,18.162827770561403],[-98.81475738564247,18.153454905616588],[-98.76964738888782,18.126064683050096],[-98.7667096652686,18.117876044682543],[-98.77646534899047,18.111957393110877],[-98.79107959871018,18.08423384180335],[-98.79989430696051,18.086518221396386],[-98.81435927289449,18.06409474235387],[-98.83385684132868,18.06342382780415],[-98.83357231538118,18.045418606316225],[-98.8434250446526,18.034928500392358],[-98.83040628565404,18.024733471988153],[-98.83220902526342,18.01429807162054],[-98.85392513813078,18.00849815554709],[-98.86500232832468,18.01706659728253],[-98.86544340599552,18.007469091552387],[-98.87472264968403,18.015276647355265],[-98.87516248272657,17.960905606130808],[-98.88575884635196,17.956084728673442],[-98.87805425475314,17.94532025484347],[-98.90756605824721,17.94118197088027],[-98.91272341127076,17.92304187715524],[-98.92959803825406,17.918170297913882],[-98.93221901956433,17.904158874707345],[-98.91679729503201,17.90177501953224],[-98.90912463644464,17.889192191607172],[-98.92042539763361,17.871646358122206],[-98.930359880256,17.87485844782257],[-98.94324053154145,17.869439859508095],[-98.9904530349924,17.834548346859922],[-98.99819444646835,17.84657307401491],[-98.99523145544727,17.871679911185172],[-99.00979941524595,17.875706277997306],[-99.01458593277552,17.89279718711333],[-99.02267814784825,17.896201965418175],[-99.04113254782524,17.880980427344365],[-99.05347707966264,17.886288833872143],[-99.08021246429273,17.88390340395981],[-99.08230187127198,17.873138476679927],[-99.07129087739581,17.859607568982838],[-99.07828158857095,17.848622523666126],[-99.1755487549295,17.8662358776349],[-99.19840874241714,17.863663558774828],[-99.20199539742539,17.89145702576238],[-99.21714204440153,17.889783702025237],[-99.22179970270257,17.900881340390008],[-99.23414667357846,17.901664285329332],[-99.2419270611884,17.911215024309314],[-99.29760835974237,17.917869403211757],[-99.30402936585145,17.906667004422005],[-99.32056904380418,17.915937685789302],[-99.32978820223414,17.912713750208887],[-99.34153546861032,17.918342226489376],[-99.34532566751702,17.92862060974747],[-99.35425909726071,17.923745818643543],[-99.37451604277902,17.94039508722816],[-99.38353123163876,17.935516919044822],[-99.3935223018834,17.93955960628854],[-99.40732007793201,17.952761871812264],[-99.40518418519085,17.961598464540103],[-99.44191639736032,17.947872467265864],[-99.45760576661124,17.959632690898868],[-99.45592097528964,17.93214374765309],[-99.4641629987531,17.932117715536148],[-99.46926308566448,17.94245310107669],[-99.491992357056,17.93156666115869],[-99.5016073784259,17.933955382293494],[-99.5226456818414,17.918111763448245],[-99.52310865816807,17.928178039288444],[-99.44484762807346,17.983273177861687],[-99.45093854699704,18.044343829124266],[-99.4862693927459,18.03925930609805],[-99.48896776572302,18.020328256345593],[-99.48217456786017,18.007339692395394],[-99.49087791673364,17.991004502027252],[-99.4895047665862,17.97812840686328],[-99.51968911433809,17.972552301054883],[-99.54269814152639,17.960446265631205],[-99.54494023450644,17.952163658870774],[-99.56150493310165,17.945417074444123],[-99.56247061321706,17.927137915727155],[-99.57458220077895,17.92157996908036],[-99.58442492484916,17.936692214573895],[-99.5946778893799,17.939713039048687],[-99.61045499851345,17.937884806409947],[-99.61811412427802,17.92891239627636],[-99.62875133673883,17.947429881609573],[-99.63002364695629,17.975563738388306],[-99.66094393256003,17.99744251216803],[-99.66871722795163,18.011425884030967],[-99.69498724499105,18.022316055823026],[-99.69840453648636,18.074879568665942],[-99.69351244749745,18.08298037555912],[-99.71609047754262,18.103870944348966],[-99.70575080655378,18.13677613982664],[-99.70962389625448,18.14273161344616],[-99.68184833424422,18.120596993388407],[-99.66582041237635,18.128565811019758],[-99.66502459083146,18.13964561857567],[-99.6540152906162,18.149353490482497],[-99.65817245865992,18.17502541928871],[-99.64545279032076,18.21118560922986],[-99.60821245568721,18.235062182414957],[-99.58189319084921,18.23933420864434],[-99.57018983758645,18.266401558301762],[-99.57573495016852,18.270955956418735],[-99.56731260365723,18.28409370058917],[-99.57066750304796,18.294847299143235],[-99.55027814866753,18.281426524059686],[-99.54127113625641,18.282200300781128],[-99.5331354145568,18.298437860743093],[-99.51140489629229,18.295789265892484],[-99.4974597352165,18.331376643910858],[-99.50620073796675,18.331503061390844],[-99.51572727923887,18.353292821822457],[-99.50784853949379,18.375908391968842],[-99.52461500664276,18.384299083207186],[-99.52519530886677,18.392527464699196],[-99.5146826853285,18.40305534684736],[-99.52235490796069,18.419487862056936],[-99.48211056623686,18.490111396613152],[-99.48243504918663,18.5076267282074],[-99.5025694922849,18.536228024471054],[-99.4837610359052,18.56666940173048],[-99.43693419732801,18.577461865341117]]]}},{"type":"Feature","properties":{"clave":"24","tipo":"local","nombre":"Distrito local 24","entidad":"12"},"geometry":{"type":"Polygon","coordinates":[[[-99.40518418519085,17.961598464540103],[-99.40732007793201,17.952761871812264],[-99.3935223018834,17.93955960628854],[-99.38353123163876,17.935516919044822],[-99.37451604277902,17.94039508722816],[-99.35425909726071,17.923745818643543],[-99.34532566751702,17.92862060974747],[-99.34153546861032,17.918342226489376],[-99.32978820223414,17.912713750208887],[-99.32056904380418,17.915937685789302],[-99.30402936585145,17.906667004422005],[-99.29760835974237,17.917869403211757],[-99.2419270611884,17.911215024309314],[-99.23414667357846,17.901664285329332],[-99.22179970270257,17.900881340390008],[-99.21714204440153,17.889783702025237],[-99.20199539742539,17.89145702576238],[-99.19840874241714,17.863663558774828],[-99.1755487549295,17.866235877634917],[-99.09757757426482,17.852425431224002],[-99.09871785188169,17.83891246741024],[-99.08517549236446,17.818760277334423],[-99.09799716380557,17.792116758444116],[-99.09703839981003,17.772035245052848],[-99.11317658977481,17.71217402917272],[-99.10504619569798,17.686865181621464],[-99.1692615367003,17.672198218219073],[-99.20519200961391,17.654172628963867],[-99.21859274086434,17.63298157198267],[-99.23947162981128,17.638181636670836],[-99.27025973221168,17.62469483959778],[-99.27736766289723,17.607201543548896],[-99.27375392017167,17.587866725101968],[-99.26516560983328,17.58626102430641],[-99.27028289662498,17.551491564477555],[-99.26120773508094,17.544429186174106],[-99.28644653986375,17.516038372859942],[-99.28405458778643,17.499012590747498],[-99.27568014448478,17.493705877048974],[-99.26570840862873,17.49059708697729],[-99.23944952372808,17.499180426472435],[-99.22380134315593,17.465558999637775],[-99.21642762514738,17.463944532631608],[-99.19873909576802,17.43190756683886],[-99.16105455697716,17.435615133869028],[-99.14036661837787,17.428357941931967],[-99.12672354134354,17.436953976903077],[-99.130177297797,17.427043849150877],[-99.12058907750769,17.4184058212539],[-99.07719820616397,17.429325828196312],[-99.06862110544432,17.41410454530772],[-99.08403901431835,17.400259910388733],[-99.07452237372519,17.380162941783244],[-99.0791096308198,17.37670867013282],[-99.06573371291941,17.357128026956705],[-99.05255343916035,17.356676303156974],[-99.05954333651741,17.34557373238306],[-99.01227495716181,17.292196966151486],[-99.02688100540891,17.243341107590528],[-99.13358327838367,17.177054877178133],[-99.13276236018051,17.12707826001372],[-99.17919176056716,17.142009103207474],[-99.19570036049745,17.16434039532158],[-99.21660776424409,17.156849344355127],[-99.23775729428576,17.161887744532372],[-99.24021300423344,17.148651949756182],[-99.25130558950832,17.152038488871195],[-99.27381304748356,17.14077715849898],[-99.29949034413094,17.150149538674594],[-99.29992303909152,17.13939946772232],[-99.30794307428378,17.13829712522541],[-99.32227022170112,17.153874312102335],[-99.31347115584418,17.165252859316492],[-99.34448672690607,17.167802695780342],[-99.34108411312035,17.180283894996684],[-99.34949482726044,17.18350022509135],[-99.35033593229343,17.17651061029647],[-99.35652447063534,17.17590910429616],[-99.35489846654707,17.16806040580787],[-99.36057224281998,17.16795675955684],[-99.37088014173925,17.185487936345872],[-99.39707349579474,17.20461091663155],[-99.45565392592802,17.2206622696696],[-99.4606719460635,17.212414564939202],[-99.48157751433423,17.257716493298528],[-99.46163138526127,17.29521401848787],[-99.47059321522951,17.334035053883696],[-99.44233441519465,17.340892116972068],[-99.46042972400357,17.35642979931363],[-99.4611470487001,17.392032874291825],[-99.45646773941449,17.399989739617304],[-99.4452739620525,17.39883769580708],[-99.43213842053864,17.418858650895928],[-99.42845677724969,17.43445853520647],[-99.44090261728755,17.449578908655834],[-99.40601215167577,17.484442134256877],[-99.43887743120123,17.543226126400427],[-99.4404510891535,17.588414252617447],[-99.4563626941762,17.594051160536036],[-99.44967047905384,17.609175714349636],[-99.45109044188652,17.65944611360423],[-99.4331540070466,17.691914207984897],[-99.39039334269573,17.713744827651837],[-99.40400376459856,17.73924199466069],[-99.42526290645468,17.824192598988066],[-99.43941755956934,17.832337552310467],[-99.44364354801502,17.84537947677536],[-99.45265917465012,17.851918679007312],[-99.52795508582071,17.855419543526796],[-99.52189232077637,17.875230387466697],[-99.53045348821452,17.885665557347988],[-99.52549135645836,17.914560249030686],[-99.53172593313916,17.92673516613995],[-99.52404767305859,17.92902966232997],[-99.51969918159122,17.918160859316533],[-99.5016073784259,17.933955382293494],[-99.491992357056,17.93156666115869],[-99.46926308566448,17.94245310107669],[-99.4641629987531,17.932117715536148],[-99.45592097528964,17.93214374765309],[-99.4589776383848,17.959028345517456],[-99.44191639736032,17.947872467265864],[-99.40518418519085,17.961598464540103]]]}},{"type":"Feature","properties":{"clave":"25","tipo":"local","nombre":"Distrito local 25","entidad":"12"},"geometry":{"type":"Polygon","coordinates":[[[-99.09521502936505,17.688730932189333],[-99.07692157335332,17.67588654658129],[-99.08310635363843,17.652362459871675],[-99.0819213458749,17.63224542190959],[-99.0756220592416,17.62599256616439],[-99.07801763671405,17.595947230911086],[-99.04851819806582,17.610901321111026],[-99.04730759277058,17.587269307379938],[-99.00986939028272,17.55723239224368],[-99.02603465357048,17.545923920296858],[-98.99347380693155,17.545634235557777],[-98.96532197443787,17.53352308289733],[-98.95384578646023,17.536702654326536],[-98.9446520714668,17.519839481515664],[-98.92412581298477,17.51665781161489],[-98.8938421206162,17.50097811801495],[-98.87893262262516,17.48514187218695],[-98.87507441398654,17.46244106679638],[-98.86440926769286,17.454140259839033],[-98.91052523546226,17.434621985627487],[-98.94125977921918,17.434103023731517],[-98.93363263510649,17.421573233384095],[-98.93859479856046,17.418664746517656],[-98.9563814181967,17.42285989084628],[-98.94111115623619,17.379722132486446],[-98.96133594702272,17.338918694762356],[-98.98703806016086,17.320256909636118],[-98.98365178145517,17.31534582572873],[-99.0340456959119,17.314125299057032],[-99.04496625588705,17.324009549025575],[-99.0490489946332,17.33854936442318],[-99.06076181505404,17.348256449746724],[-99.05152224801347,17.355175257353995],[-99.06573371291941,17.357128026956705],[-99.0791096308198,17.376708670132782],[-99.07452237372519,17.380162941783244],[-99.08403901431835,17.400259910388733],[-99.06862110544432,17.41410454530772],[-99.07719820616397,17.429325828196312],[-99.12058907750769,17.4184058212539],[-99.130177297797,17.427043849150877],[-99.12672354134354,17.436953976903077],[-99.14036661837787,17.428357941931967],[-99.16105455697716,17.435615133869028],[-99.19676781814908,17.43119137731951],[-99.21642762514738,17.463944532631608],[-99.22380134315593,17.465558999637775],[-99.23944952372808,17.499180426472435],[-99.26570840862873,17.49059708697729],[-99.28405458778643,17.499012590747498],[-99.28644653986375,17.516038372859942],[-99.26120773508094,17.544429186174106],[-99.27028289662498,17.551491564477555],[-99.26516560983328,17.58626102430641],[-99.27375392017167,17.587866725101968],[-99.27736766289723,17.607201543548896],[-99.27025973221168,17.62469483959778],[-99.23947162981128,17.638181636670836],[-99.21859274086434,17.63298157198267],[-99.20519200961391,17.654172628963867],[-99.1692615367003,17.672198218219073],[-99.09521502936505,17.688730932189333]]]}},{"type":"Feature","properties":{"clave":"26","tipo":"local","nombre":"Distrito local 26","entidad":"12"},"geometry":{"type":"Polygon","coordinates":[[[-98.86500232832468,18.01706659728253],[-98.85392513813078,18.00849815554709],[-98.83459881792537,18.01612539836711],[-98.8139950190795,18.00018940040364],[-98.80130700586598,18.00827558404233],[-98.7690736859858,17.989446216265776],[-98.73300535144983,17.982695134051028],[-98.70858343001834,17.963604239565747],[-98.68828030078812,17.961870898228234],[-98.67278640654679,17.949629430710445],[-98.67339442974544,17.94321364387568],[-98.66563941890803,17.94525746237781],[-98.64310111607409,17.932687996977883],[-98.63428810930704,17.942449666104036],[-98.61819147763701,17.945702625113217],[-98.60532366192635,17.962002378854184],[-98.59646821341643,17.958549310491858],[-98.5855512152262,17.97501627793231],[-98.55339908104997,17.980573618059076],[-98.54719735040571,17.992104156104713],[-98.5089494806791,17.998094672305555],[-98.46921071319812,17.992930634305903],[-98.45340810676413,17.970683159118806],[-98.43069210138519,17.975865369948377],[-98.43150543188811,17.962625378842688],[-98.42235225146678,17.947706051930115],[-98.43222207990559,17.910657437715763],[-98.41974401043721,17.84517598259759],[-98.43309874779277,17.801544339011578],[-98.4733063181689,17.793652810858077],[-98.4982851234361,17.78036433273971],[-98.48992763055303,17.745415186188374],[-98.47670862626865,17.732004335672897],[-98.49941767131475,17.692996515160964],[-98.50796345466865,17.69444364971396],[-98.52002916895754,17.685041871173315],[-98.53558688436925,17.69763743032909],[-98.55356901322617,17.68124241035568],[-98.58188885615968,17.689411324434218],[-98.57991008328867,17.71088214722102],[-98.5844578685202,17.71158050308705],[-98.60173191875602,17.698507997951197],[-98.61039752367155,17.7049083044049],[-98.618133669318,17.69997375780391],[-98.63101905378609,17.70370407476303],[-98.64476771145425,17.672783540104923],[-98.66013394064707,17.67970257894211],[-98.68012225844618,17.669361138583483],[-98.70076729537823,17.681501312596392],[-98.71959479705868,17.677191483697737],[-98.72440438615315,17.631896456819256],[-98.7547503230341,17.6157632706768],[-98.76341928980818,17.58743155942345],[-98.79122868500973,17.582022917575273],[-98.80381597109627,17.570716645458376],[-98.80311707726374,17.547519771472306],[-98.7899576814142,17.54661182150925],[-98.79346911807696,17.539937456739512],[-98.78213929384576,17.54562818214958],[-98.7817284418874,17.536623549057513],[-98.75472013650206,17.542451925852983],[-98.74042159961722,17.534730334916887],[-98.71643358124447,17.537312358903435],[-98.70773937521341,17.534141200218247],[-98.70818238978187,17.523520051534604],[-98.69195257103931,17.518368102606843],[-98.68072490296456,17.522441046116096],[-98.65839565511178,17.50670303051347],[-98.6481193473455,17.48969704390952],[-98.63686783614739,17.490007821205708],[-98.64437046725538,17.461085287958984],[-98.63516832576629,17.458492321542305],[-98.6335810853434,17.444040120191367],[-98.62083685090089,17.435020659957264],[-98.61915713137746,17.414949705242623],[-98.5957210197235,17.366611683805715],[-98.61235441576063,17.356770751639065],[-98.62398642593126,17.33683321570711],[-98.68328691901687,17.342529762015687],[-98.69318345992001,17.338381529365833],[-98.7048673909021,17.343849319077957],[-98.70446150183348,17.334968349677702],[-98.71187953403229,17.329263737237948],[-98.73194415143283,17.335423595867315],[-98.75708188858133,17.32097367788281],[-98.77018447111135,17.324197716463246],[-98.7825104420484,17.354324044293477],[-98.76948005357758,17.353455468566917],[-98.75708319200629,17.36877884870474],[-98.75548837959494,17.402214990901182],[-98.74253625052226,17.412747859540225],[-98.7497643527116,17.420264750310945],[-98.74110792687618,17.42973813472375],[-98.7558951123168,17.47447735846741],[-98.76229303746004,17.477949844893814],[-98.7542967088753,17.491675333808704],[-98.77438406953782,17.4904765066016],[-98.79468661483665,17.467075502002018],[-98.79873863708396,17.44819127791716],[-98.79204247586753,17.419925324209814],[-98.81575014047786,17.41066600961437],[-98.86189893207306,17.407821082770905],[-98.88262887697418,17.379551887842858],[-98.8770901990511,17.363162608521954],[-98.89373176128808,17.350543301275753],[-98.89656802205975,17.335562641952876],[-98.94241923809136,17.3342441094655],[-98.92943720134083,17.31686458410494],[-98.9298828601122,17.28352846991456],[-98.95450428243117,17.282789934659057],[-98.96301141464038,17.27350927988717],[-99.02471671295913,17.25819333938006],[-99.01191522678185,17.29045275197006],[-99.0340456959119,17.314125299057032],[-98.98365178145517,17.31534582572873],[-98.98703806016086,17.320256909636118],[-98.96133594702272,17.338918694762356],[-98.94111115623619,17.379722132486446],[-98.9563814181967,17.422859890846325],[-98.93859479856046,17.418664746517656],[-98.93363263510649,17.421573233384095],[-98.94125977921915,17.434103023731517],[-98.91052523546226,17.434621985627487],[-98.86440926769286,17.454140259839033],[-98.87507441398654,17.46244106679638],[-98.87893262262516,17.48514187218695],[-98.8938421206162,17.50097811801495],[-98.92412581298477,17.51665781161489],[-98.9446520714668,17.519839481515664],[-98.95384578646023,17.536702654326536],[-98.96532197443787,17.53352308289733],[-98.99347380693155,17.54563423555779],[-99.02603465357048,17.545923920296858],[-99.00986939028272,17.55723239224368],[-99.04730759277058,17.587269307379938],[-99.04851819806582,17.610901321111026],[-99.07801763671405,17.595947230911086],[-99.0756220592416,17.62599256616439],[-99.0819213458749,17.63224542190959],[-99.08310635363843,17.652362459871675],[-99.07692157335332,17.67588654658129],[-99.09521502936505,17.688730932189333],[-99.1047316408778,17.68811008189056],[-99.11326999497224,17.706726145709844],[-99.0955142438963,17.78023873667881],[-99.09799716380557,17.792116758444116],[-99.08514657995426,17.81760579944767],[-99.09475882661711,17.828276978473156],[-99.0984043871112,17.849398409925907],[-99.07828158857095,17.848622523666126],[-99.07129087739581,17.859607568982838],[-99.08230187127198,17.873138476679927],[-99.07930359503065,17.884625105201376],[-99.05347707966264,17.886288833872143],[-99.04113254782524,17.880980427344365],[-99.02267814784825,17.896201965418175],[-99.01458593277552,17.89279718711333],[-99.00979941524595,17.875706277997306],[-98.99523145544727,17.871679911185172],[-98.99819444646835,17.84657307401486],[-98.9904530349924,17.834548346859922],[-98.94324053154145,17.869439859508095],[-98.930359880256,17.87485844782257],[-98.92042539763361,17.871646358122206],[-98.90912463644464,17.889192191607172],[-98.91679729503201,17.90177501953224],[-98.93221901956433,17.904158874707345],[-98.92959803825406,17.918170297913882],[-98.91272341127076,17.92304187715524],[-98.90756605824721,17.94118197088027],[-98.87805425475314,17.94532025484347],[-98.88575884635196,17.956084728673442],[-98.87516248272657,17.960905606130808],[-98.87472264968403,18.015276647355265],[-98.86544340599552,18.007469091552387],[-98.86500232832468,18.01706659728253]]]}},{"type":"Feature","properties":{"clave":"27","tipo":"local","nombre":"Distrito local 27","entidad":"12"},"geometry":{"type":"Polygon","coordinates":[[[-98.33175988664179,17.43192889709626],[-98.29832727129279,17.416259230285657],[-98.30684548163696,17.39808559821634],[-98.28972031863862,17.38620057290925],[-98.29747199128295,17.377253348736417],[-98.29171241275982,17.370711161318646],[-98.28652990129164,17.330183049243328],[-98.30370063078769,17.330715307560183],[-98.30603078476457,17.313112008354576],[-98.31450739105925,17.309101110351556],[-98.32131042606864,17.29213860682065],[-98.31996311494795,17.281463578501903],[-98.32863610306812,17.277192421071007],[-98.28665838115798,17.238948480146284],[-98.35206724043232,17.241945908718264],[-98.35723508124805,17.273453864254144],[-98.38324421037524,17.300919674070133],[-98.4381414796764,17.336017362337422],[-98.46549057668304,17.345964994094757],[-98.4790903587447,17.35552656760587],[-98.47626484422308,17.361684996550995],[-98.49047151980389,17.36153386018214],[-98.49707466334588,17.373790086884835],[-98.5114942116474,17.36657477858695],[-98.50724520553834,17.358495115758675],[-98.5117783449041,17.343234144768687],[-98.53508597486413,17.3409128218033],[-98.53908906061746,17.329800380103052],[-98.55638048039025,17.345117739101063],[-98.56190707444951,17.33567635789375],[-98.59548796439353,17.322628573365087],[-98.61698224194178,17.34488733009613],[-98.61235441576063,17.356770751639065],[-98.5957210197235,17.366611683805733],[-98.61915713137746,17.414949705242623],[-98.62083685090089,17.435020659957264],[-98.6335810853434,17.444040120191367],[-98.63516832576629,17.458492321542305],[-98.64437046725538,17.461085287958984],[-98.63686783614739,17.490007821205708],[-98.6481193473455,17.48969704390952],[-98.65839565511178,17.50670303051347],[-98.68072490296456,17.522441046116096],[-98.69195257103931,17.518368102606843],[-98.70818238978187,17.523520051534604],[-98.70773937521341,17.534141200218247],[-98.71643358124447,17.537312358903435],[-98.74042159961722,17.534730334916887],[-98.75472013650206,17.542451925852983],[-98.7817284418874,17.536623549057513],[-98.78213929384576,17.54562818214958],[-98.79346911807696,17.539937456739512],[-98.7899576814142,17.54661182150925],[-98.80311707726374,17.547519771472306],[-98.80381597109627,17.570716645458376],[-98.79122868500973,17.582022917575273],[-98.76341928980818,17.58743155942345],[-98.7547503230341,17.6157632706768],[-98.72440438615315,17.631896456819256],[-98.71959479705868,17.677191483697737],[-98.70076729537823,17.681501312596392],[-98.68012225844618,17.669361138583483],[-98.66013394064707,17.67970257894211],[-98.64476771145425,17.672783540104923],[-98.63101905378609,17.70370407476303],[-98.618133669318,17.69997375780391],[-98.61039752367155,17.7049083044049],[-98.60173191875602,17.698507997951197],[-98.57991008328867,17.71088214722102],[-98.58188885615968,17.689411324434218],[-98.55356901322617,17.68124241035568],[-98.53558688436925,17.69763743032909],[-98.51431724273013,17.681006617238886],[-98.49560911784049,17.68432277907892],[-98.47031604353194,17.676882266891067],[-98.46650837128526,17.6494954314606],[-98.45123427809472,17.648140716125454],[-98.43614072681387,17.636946433952872],[-98.45185381797033,17.629740731587347],[-98.42697494269697,17.624618976300788],[-98.41095199769633,17.60132732722789],[-98.3515633564514,17.60615127517327],[-98.34533239780717,17.594874742951838],[-98.3575699777984,17.579148445842797],[-98.340357057066,17.573725286472303],[-98.3403790148844,17.54718174725973],[-98.31504373829884,17.52179349687939],[-98.32745983169582,17.479442043008948],[-98.33175988664179,17.43192889709626]]]}},{"type":"Feature","properties":{"clave":"28","tipo":"local","nombre":"Distrito local 28","entidad":"12"},"geometry":{"type":"Polygon","coordinates":[[[-98.28665838115798,17.238948480146284],[-98.27089651929266,17.228659107087832],[-98.28414026076341,17.210095866166142],[-98.27771217674055,17.168085808940347],[-98.26405106547195,17.17576437537978],[-98.25583034252558,17.15921003550154],[-98.26234060723185,17.13044639233658],[-98.28554561702337,17.10033049887996],[-98.22609676435718,17.078237616835914],[-98.22528133260198,17.067608029677398],[-98.23693451195574,17.053835396582237],[-98.23414036144025,17.038434237164495],[-98.24444444444705,17.049999999332083],[-98.26666670898156,17.052222186780902],[-98.2827778184421,17.038888887405687],[-98.28722222222471,17.012222221550452],[-98.3397222497073,16.96499995597141],[-98.3908333333355,16.949166665988393],[-98.41194444444653,16.9644444437677],[-98.46277777777969,16.966944443767925],[-98.46333333333524,16.991666665992696],[-98.49361111111291,16.991666665992625],[-98.50492397497608,17.01952203674086],[-98.52988994580289,17.048688854840318],[-98.52295463264788,17.062054976976967],[-98.52762985917813,17.097345780788785],[-98.54552354072229,17.098560324619623],[-98.54636341267921,17.09133912973987],[-98.5625042592876,17.091051001652517],[-98.57870518708732,17.0599032150713],[-98.54111111111273,17.036111110441624],[-98.52109424703036,17.00047545550696],[-98.50507355214067,16.990476241883172],[-98.52709985430693,16.937311153730057],[-98.51178894521598,16.899379277199557],[-98.54861265575704,16.888047549592763],[-98.56953211445185,16.890701582882578],[-98.57550174731608,16.884587585227237],[-98.57074687585151,16.88240765629883],[-98.57580191118122,16.874108372656096],[-98.57231668153062,16.865532159523774],[-98.58133522277636,16.84980124476223],[-98.57417133789187,16.849728854239505],[-98.57836478724964,16.842131996958344],[-98.56966064407246,16.83690472978793],[-98.5760874690289,16.830418715041557],[-98.56395093306476,16.82127676834092],[-98.56310559946027,16.810757811197224],[-98.54435341745061,16.821178507320653],[-98.53818949804253,16.804436550474477],[-98.58632601177604,16.786211554857797],[-98.60938024948982,16.755645995199814],[-98.61400575169985,16.758931769407138],[-98.6619115143212,16.731883036392734],[-98.67416666666784,16.749444443746288],[-98.68166666666782,16.744722221523528],[-98.68305555555669,16.753888888191096],[-98.77000000000083,16.719999999298857],[-98.76222222222309,16.693055554851888],[-98.77361111111195,16.6969444437411],[-98.79166666666742,16.673611110405506],[-98.82111111381805,16.656388888910236],[-98.8484305555561,16.65790277707062],[-98.85514617613227,16.673381595601967],[-98.8285814812386,16.694504918129233],[-98.84080901317024,16.70017224741286],[-98.82591677026775,16.73388369046898],[-98.8745872451826,16.7380950099667],[-98.87874161373104,16.75553392139976],[-98.90216091901988,16.746039819872117],[-98.91996555824618,16.760896374077166],[-98.927701522241,16.785443900939917],[-98.93438753930802,16.78937654111052],[-98.93501075152156,16.80347855295529],[-98.94425833333354,16.811439721518557],[-98.88646527777819,16.885205832636693],[-98.85038305555611,16.920411665973337],[-98.8666125000005,16.94006027708634],[-98.89056166666707,16.953974443754287],[-98.8885152777782,16.968062777088992],[-98.90693861111146,16.966103610422174],[-98.92143866283853,17.001493894494256],[-98.91476477075145,17.012888702172496],[-98.8928870299806,17.023169655771422],[-98.86884104757479,17.024624188578883],[-98.85996477227489,17.03966128128351],[-98.86639338385855,17.049503004561565],[-98.8655113224875,17.07045484193584],[-98.8380044161424,17.078819510265276],[-98.83243661246016,17.06813964241984],[-98.80615686277203,17.05655301879116],[-98.7981576505482,17.07888819775121],[-98.8063967468605,17.105396819751096],[-98.78778228038368,17.138881338642783],[-98.79893393813785,17.15680749309585],[-98.78111295134867,17.16588881762608],[-98.77198423593372,17.182686910631524],[-98.75889799477109,17.18682223641668],[-98.75348895525308,17.204323614511743],[-98.7344895271167,17.209986742040492],[-98.73065669566601,17.233115253810343],[-98.70534384838558,17.251517307265367],[-98.70757139103515,17.28954377160581],[-98.69524380887385,17.30099884349666],[-98.69667739637651,17.312957491883456],[-98.68676711684427,17.310469332595154],[-98.70704251227613,17.343134026887284],[-98.69318345992001,17.338381529365833],[-98.64851278635267,17.34136533630721],[-98.63108603667773,17.334686730554957],[-98.61698224194178,17.344887330096167],[-98.59548796439353,17.322628573365037],[-98.56190707444951,17.33567635789375],[-98.55638048039025,17.345117739101063],[-98.53908906061746,17.329800380103052],[-98.53508597486413,17.3409128218033],[-98.5117783449041,17.343234144768687],[-98.50724520553834,17.358495115758675],[-98.5114942116474,17.36657477858695],[-98.49707466334588,17.373790086884835],[-98.49047151980389,17.36153386018214],[-98.47626484422308,17.361684996550995],[-98.4790903587447,17.35552656760587],[-98.46549057668304,17.345964994094757],[-98.4381414796764,17.336017362337422],[-98.38324421037524,17.300919674070133],[-98.35723508124805,17.273453864254144],[-98.35206724043232,17.241945908718264],[-98.28665838115798,17.238948480146284]]]}}]}